Time,Driver,DriverNumber,LapTime,LapNumber,Stint,PitOutTime,PitInTime,Sector1Time,Sector2Time,Sector3Time,Sector1SessionTime,Sector2SessionTime,Sector3SessionTime,SpeedI1,SpeedI2,SpeedFL,SpeedST,IsPersonalBest,Compound,TyreLife,FreshTyre,Team,LapStartTime,LapStartDate,TrackStatus,Position,Deleted,DeletedReason,FastF1Generated,IsAccurate
0 days 00:16:12.142000,NOR,4,,1.0,1.0,0 days 00:14:16.306000,,,0 days 00:00:37.116000,0 days 00:00:32.914000,,0 days 00:15:39.326000,0 days 00:16:12.142000,262.0,286.0,316.0,136.0,False,SOFT,1.0,True,McLaren,0 days 00:14:16.306000,2024-08-31 14:03:14.075,1,,False,,False,False
0 days 00:17:32.053000,NOR,4,,2.0,1.0,,,0 days 00:00:26.484000,0 days 00:00:26.898000,0 days 00:00:26.529000,0 days 00:16:38.626000,0 days 00:17:05.524000,0 days 00:17:32.053000,325.0,337.0,307.0,346.0,True,SOFT,2.0,True,McLaren,0 days 00:16:12.142000,2024-08-31 14:05:09.911,1,,False,,False,True
0 days 00:19:23.074000,NOR,4,,3.0,1.0,,0 days 00:19:18.770000,0 days 00:00:32.371000,0 days 00:00:38.291000,0 days 00:00:40.359000,0 days 00:18:04.424000,0 days 00:18:42.715000,0 days 00:19:23.074000,217.0,231.0,,256.0,False,SOFT,3.0,True,McLaren,0 days 00:17:32.053000,2024-08-31 14:06:29.822,1,,False,,False,False
0 days 00:43:29.375000,NOR,4,,4.0,2.0,0 days 00:41:40.139000,,,0 days 00:00:39.008000,0 days 00:00:31.591000,,0 days 00:42:57.816000,0 days 00:43:29.443000,256.0,143.0,319.0,197.0,False,SOFT,1.0,True,McLaren,0 days 00:19:23.074000,2024-08-31 14:08:20.843,12,,False,,False,False
0 days 00:44:49.102000,NOR,4,,5.0,2.0,,,0 days 00:00:26.395000,0 days 00:00:26.865000,0 days 00:00:26.467000,0 days 00:43:55.770000,0 days 00:44:22.635000,0 days 00:44:49.102000,325.0,337.0,314.0,349.0,True,SOFT,2.0,True,McLaren,0 days 00:43:29.375000,2024-08-31 14:32:27.144,1,,False,,False,True
0 days 00:46:38.548000,NOR,4,,6.0,2.0,,0 days 00:46:34.663000,0 days 00:00:31.980000,0 days 00:00:37.478000,0 days 00:00:39.988000,0 days 00:45:21.082000,0 days 00:45:58.560000,0 days 00:46:38.548000,246.0,195.0,,255.0,False,SOFT,3.0,True,McLaren,0 days 00:44:49.102000,2024-08-31 14:33:46.871,1,,False,,False,False
0 days 01:05:46.073000,NOR,4,,7.0,3.0,0 days 01:03:43.411000,,,0 days 00:00:36.182000,0 days 00:00:31.355000,,0 days 01:05:14.764000,0 days 01:05:46.073000,243.0,283.0,317.0,104.0,False,SOFT,1.0,True,McLaren,0 days 00:46:38.548000,2024-08-31 14:35:36.317,1,,False,,False,False
0 days 01:07:05.474000,NOR,4,,8.0,3.0,,,0 days 00:00:26.400000,0 days 00:00:26.748000,0 days 00:00:26.253000,0 days 01:06:12.473000,0 days 01:06:39.221000,0 days 01:07:05.474000,324.0,338.0,315.0,346.0,True,SOFT,2.0,True,McLaren,0 days 01:05:46.073000,2024-08-31 14:54:43.842,1,,False,,False,True
0 days 01:08:52.602000,NOR,4,,9.0,3.0,,0 days 01:08:48.763000,0 days 00:00:30.949000,0 days 00:00:34.968000,0 days 00:00:41.211000,0 days 01:07:36.423000,0 days 01:08:11.391000,0 days 01:08:52.602000,264.0,257.0,,263.0,False,SOFT,3.0,True,McLaren,0 days 01:07:05.474000,2024-08-31 14:56:03.243,1,,False,,False,False
0 days 01:13:52.747000,NOR,4,,10.0,4.0,0 days 01:11:57.071000,,,0 days 00:00:35.668000,0 days 00:00:30.242000,,0 days 01:13:22.653000,0 days 01:13:53.047000,229.0,289.0,316.0,101.0,False,SOFT,1.0,True,McLaren,0 days 01:08:52.602000,2024-08-31 14:57:50.371,1,,False,,False,False
0 days 01:15:12.074000,NOR,4,,11.0,4.0,,,0 days 00:00:26.492000,0 days 00:00:26.579000,0 days 00:00:26.256000,0 days 01:14:19.239000,0 days 01:14:45.818000,0 days 01:15:12.074000,324.0,338.0,315.0,346.0,True,SOFT,2.0,True,McLaren,0 days 01:13:52.747000,2024-08-31 15:02:50.516,1,,False,,False,True
0 days 01:17:01.169000,NOR,4,,12.0,4.0,,0 days 01:17:01.169000,0 days 00:00:33.633000,0 days 00:00:38.149000,,0 days 01:15:45.682000,0 days 01:16:23.896000,,218.0,202.0,,235.0,False,SOFT,3.0,True,McLaren,0 days 01:15:12.074000,2024-08-31 15:04:09.843,1,,False,,False,False
0 days 00:16:22.668000,PIA,81,,1.0,1.0,0 days 00:14:20.318000,,,0 days 00:00:36.502000,0 days 00:00:31.998000,,0 days 00:15:50.845000,0 days 00:16:22.668000,266.0,312.0,315.0,113.0,False,SOFT,1.0,True,McLaren,0 days 00:14:20.318000,2024-08-31 14:03:18.087,1,,False,,False,False
0 days 00:18:12.979000,PIA,81,,2.0,1.0,,,0 days 00:00:35.502000,0 days 00:00:41.647000,0 days 00:00:33.162000,0 days 00:16:58.170000,0 days 00:17:39.817000,0 days 00:18:12.979000,154.0,294.0,317.0,343.0,False,SOFT,2.0,True,McLaren,0 days 00:16:22.668000,2024-08-31 14:05:20.437,1,,True,TRACK LIMITS AT TURN 2 LAP 3 ,False,True
0 days 00:19:33.467000,PIA,81,,3.0,1.0,,,0 days 00:00:26.735000,0 days 00:00:26.969000,0 days 00:00:26.784000,0 days 00:18:39.714000,0 days 00:19:06.683000,0 days 00:19:33.467000,325.0,334.0,310.0,345.0,True,SOFT,3.0,True,McLaren,0 days 00:18:12.979000,2024-08-31 14:07:10.748,1,,False,,False,True
0 days 00:21:23.618000,PIA,81,,4.0,1.0,,0 days 00:21:18.741000,0 days 00:00:35.141000,0 days 00:00:34.520000,0 days 00:00:40.490000,0 days 00:20:08.608000,0 days 00:20:43.128000,0 days 00:21:23.618000,265.0,272.0,,218.0,False,SOFT,4.0,True,McLaren,0 days 00:19:33.467000,2024-08-31 14:08:31.236,1,,False,,False,False
0 days 00:27:50.711000,PIA,81,,5.0,2.0,0 days 00:25:52.790000,,,0 days 00:00:38.791000,0 days 00:00:32.482000,,0 days 00:27:18.229000,0 days 00:27:50.993000,242.0,298.0,315.0,173.0,False,SOFT,5.0,False,McLaren,0 days 00:21:23.618000,2024-08-31 14:10:21.387,1,,False,,False,False
0 days 00:29:10.787000,PIA,81,,6.0,2.0,,,0 days 00:00:26.529000,0 days 00:00:26.915000,0 days 00:00:26.632000,0 days 00:28:17.240000,0 days 00:28:44.155000,0 days 00:29:10.787000,324.0,338.0,314.0,346.0,True,SOFT,6.0,False,McLaren,0 days 00:27:50.711000,2024-08-31 14:16:48.480,12,,False,,False,True
0 days 00:31:01,PIA,81,,7.0,2.0,,0 days 00:30:57.191000,0 days 00:00:33.981000,0 days 00:00:36.853000,0 days 00:00:39.379000,0 days 00:29:44.768000,0 days 00:30:21.621000,0 days 00:31:01,249.0,257.0,,218.0,False,SOFT,7.0,False,McLaren,0 days 00:29:10.787000,2024-08-31 14:18:08.556,1,,False,,False,False
0 days 00:43:17.127000,PIA,81,,8.0,3.0,0 days 00:41:28.981000,,,0 days 00:00:36.598000,0 days 00:00:33.197000,,0 days 00:42:43.953000,0 days 00:43:17.245000,247.0,311.0,316.0,225.0,False,SOFT,1.0,True,McLaren,0 days 00:31:01,2024-08-31 14:19:58.769,1,,False,,False,False
0 days 00:44:36.935000,PIA,81,,9.0,3.0,,,0 days 00:00:26.434000,0 days 00:00:26.822000,0 days 00:00:26.552000,0 days 00:43:43.561000,0 days 00:44:10.383000,0 days 00:44:36.935000,325.0,337.0,314.0,346.0,True,SOFT,2.0,True,McLaren,0 days 00:43:17.127000,2024-08-31 14:32:14.896,1,,False,,False,True
0 days 00:46:29.473000,PIA,81,,10.0,3.0,,0 days 00:46:25.679000,0 days 00:00:35.569000,0 days 00:00:36.442000,0 days 00:00:40.527000,0 days 00:45:12.504000,0 days 00:45:48.946000,0 days 00:46:29.473000,265.0,266.0,,199.0,False,SOFT,3.0,True,McLaren,0 days 00:44:36.935000,2024-08-31 14:33:34.704,1,,False,,False,False
0 days 00:52:18.782000,PIA,81,,11.0,4.0,0 days 00:50:36.759000,,,0 days 00:00:36.614000,0 days 00:00:32.091000,,0 days 00:51:46.807000,0 days 00:52:19.042000,266.0,312.0,316.0,258.0,False,SOFT,4.0,False,McLaren,0 days 00:46:29.473000,2024-08-31 14:35:27.242,1,,False,,False,False
0 days 00:53:38.627000,PIA,81,,12.0,4.0,,,0 days 00:00:26.399000,0 days 00:00:26.847000,0 days 00:00:26.599000,0 days 00:52:45.181000,0 days 00:53:12.028000,0 days 00:53:38.627000,327.0,339.0,317.0,348.0,False,SOFT,5.0,False,McLaren,0 days 00:52:18.782000,2024-08-31 14:41:16.551,1,,False,,False,True
0 days 00:55:32.422000,PIA,81,,13.0,4.0,,0 days 00:55:28.517000,0 days 00:00:38.419000,0 days 00:00:36.985000,0 days 00:00:38.391000,0 days 00:54:17.046000,0 days 00:54:54.031000,0 days 00:55:32.422000,141.0,279.0,,237.0,False,SOFT,6.0,False,McLaren,0 days 00:53:38.627000,2024-08-31 14:42:36.396,1,,False,,False,False
0 days 01:05:35.006000,PIA,81,,14.0,5.0,0 days 01:03:31.114000,,,0 days 00:00:34.881000,0 days 00:00:31.082000,,0 days 01:05:03.941000,0 days 01:05:35.043000,268.0,313.0,315.0,149.0,False,SOFT,1.0,True,McLaren,0 days 00:55:32.422000,2024-08-31 14:44:30.191,1,,False,,False,False
0 days 01:06:54.442000,PIA,81,,15.0,5.0,,,0 days 00:00:26.407000,0 days 00:00:26.643000,0 days 00:00:26.386000,0 days 01:06:01.413000,0 days 01:06:28.056000,0 days 01:06:54.442000,323.0,337.0,315.0,345.0,True,SOFT,2.0,True,McLaren,0 days 01:05:35.006000,2024-08-31 14:54:32.775,1,,False,,False,True
0 days 01:08:40.114000,PIA,81,,16.0,5.0,,0 days 01:08:36.311000,0 days 00:00:33.304000,0 days 00:00:34.940000,0 days 00:00:37.428000,0 days 01:07:27.746000,0 days 01:08:02.686000,0 days 01:08:40.114000,253.0,267.0,,236.0,False,SOFT,3.0,True,McLaren,0 days 01:06:54.442000,2024-08-31 14:55:52.211,1,,False,,False,False
0 days 01:14:01.854000,PIA,81,,17.0,6.0,0 days 01:12:03.721000,,,0 days 00:00:35.997000,0 days 00:00:30.212000,,0 days 01:13:31.642000,0 days 01:14:02.012000,279.0,313.0,317.0,146.0,False,SOFT,1.0,True,McLaren,0 days 01:08:40.114000,2024-08-31 14:57:37.883,1,,False,,False,False
0 days 01:15:21.515000,PIA,81,,18.0,6.0,,,0 days 00:00:26.439000,0 days 00:00:26.796000,0 days 00:00:26.426000,0 days 01:14:28.293000,0 days 01:14:55.089000,0 days 01:15:21.515000,324.0,338.0,314.0,346.0,False,SOFT,2.0,True,McLaren,0 days 01:14:01.854000,2024-08-31 15:02:59.623,1,,False,,False,True
0 days 01:17:11.568000,PIA,81,,19.0,6.0,,0 days 01:17:11.568000,0 days 00:00:34.889000,0 days 00:00:36.572000,,0 days 01:15:56.539000,0 days 01:16:32.977000,,239.0,265.0,,207.0,False,SOFT,3.0,True,McLaren,0 days 01:15:21.515000,2024-08-31 15:04:19.284,1,,False,,False,False
0 days 00:19:19.400000,RUS,63,,1.0,1.0,0 days 00:17:29.247000,,,0 days 00:00:37.189000,0 days 00:00:34.163000,,0 days 00:18:45.346000,0 days 00:19:19.400000,245.0,311.0,316.0,199.0,False,SOFT,1.0,True,Mercedes,0 days 00:17:29.247000,2024-08-31 14:06:27.016,1,,False,,False,False
0 days 00:20:39.720000,RUS,63,,2.0,1.0,,,0 days 00:00:26.615000,0 days 00:00:27.078000,0 days 00:00:26.627000,0 days 00:19:46.015000,0 days 00:20:13.093000,0 days 00:20:39.720000,323.0,336.0,315.0,345.0,True,SOFT,2.0,True,Mercedes,0 days 00:19:19.400000,2024-08-31 14:08:17.169,1,,False,,False,True
0 days 00:22:33.333000,RUS,63,,3.0,1.0,,0 days 00:22:29.413000,0 days 00:00:35.434000,0 days 00:00:37.322000,0 days 00:00:40.857000,0 days 00:21:15.154000,0 days 00:21:52.476000,0 days 00:22:33.333000,237.0,296.0,,294.0,False,SOFT,3.0,True,Mercedes,0 days 00:20:39.720000,2024-08-31 14:09:37.489,1,,False,,False,False
0 days 00:28:05.869000,RUS,63,,4.0,2.0,0 days 00:26:06.735000,,,0 days 00:00:38.477000,0 days 00:00:32.905000,,0 days 00:27:32.964000,0 days 00:28:06.091000,271.0,311.0,314.0,141.0,False,SOFT,4.0,False,Mercedes,0 days 00:22:33.333000,2024-08-31 14:11:31.102,1,,False,,False,False
0 days 00:29:26.038000,RUS,63,,5.0,2.0,,,0 days 00:00:26.437000,0 days 00:00:27.055000,0 days 00:00:26.677000,0 days 00:28:32.306000,0 days 00:28:59.361000,0 days 00:29:26.038000,323.0,339.0,315.0,348.0,True,SOFT,5.0,False,Mercedes,0 days 00:28:05.869000,2024-08-31 14:17:03.638,12,,False,,False,True
0 days 00:31:17.824000,RUS,63,,6.0,2.0,,0 days 00:31:14.095000,0 days 00:00:33.104000,0 days 00:00:36.903000,0 days 00:00:41.779000,0 days 00:29:59.142000,0 days 00:30:36.045000,0 days 00:31:17.824000,278.0,312.0,,278.0,False,SOFT,6.0,False,Mercedes,0 days 00:29:26.038000,2024-08-31 14:18:23.807,1,,False,,False,False
0 days 00:45:40.426000,RUS,63,,7.0,3.0,0 days 00:43:54.940000,,,0 days 00:00:34.509000,0 days 00:00:34.173000,,0 days 00:45:06.290000,0 days 00:45:40.428000,295.0,275.0,315.0,157.0,False,SOFT,1.0,True,Mercedes,0 days 00:31:17.824000,2024-08-31 14:20:15.593,1,,False,,False,False
0 days 00:47:00.303000,RUS,63,,8.0,3.0,,,0 days 00:00:26.463000,0 days 00:00:26.881000,0 days 00:00:26.533000,0 days 00:46:06.889000,0 days 00:46:33.770000,0 days 00:47:00.303000,325.0,337.0,316.0,345.0,True,SOFT,2.0,True,Mercedes,0 days 00:45:40.426000,2024-08-31 14:34:38.195,1,,False,,False,True
0 days 00:48:55.344000,RUS,63,,9.0,3.0,,0 days 00:48:51.595000,0 days 00:00:35.833000,0 days 00:00:37.337000,0 days 00:00:41.871000,0 days 00:47:36.136000,0 days 00:48:13.473000,0 days 00:48:55.344000,250.0,295.0,,264.0,False,SOFT,3.0,True,Mercedes,0 days 00:47:00.303000,2024-08-31 14:35:58.072,1,,False,,False,False
0 days 00:54:38.640000,RUS,63,,10.0,4.0,0 days 00:52:46.963000,,,0 days 00:00:38.486000,0 days 00:00:33.129000,,0 days 00:54:05.627000,0 days 00:54:38.971000,223.0,310.0,314.0,169.0,False,SOFT,4.0,False,Mercedes,0 days 00:48:55.344000,2024-08-31 14:37:53.113,1,,False,,False,False
0 days 00:55:58.747000,RUS,63,,11.0,4.0,,,0 days 00:00:26.507000,0 days 00:00:26.954000,0 days 00:00:26.646000,0 days 00:55:05.147000,0 days 00:55:32.101000,0 days 00:55:58.747000,324.0,337.0,313.0,344.0,False,SOFT,5.0,False,Mercedes,0 days 00:54:38.640000,2024-08-31 14:43:36.409,1,,False,,False,True
0 days 00:57:42.363000,RUS,63,,12.0,4.0,,0 days 00:57:38.568000,0 days 00:00:31.002000,0 days 00:00:33.739000,0 days 00:00:38.875000,0 days 00:56:29.749000,0 days 00:57:03.488000,0 days 00:57:42.363000,287.0,287.0,,279.0,False,SOFT,6.0,False,Mercedes,0 days 00:55:58.747000,2024-08-31 14:44:56.516,1,,False,,False,False
0 days 01:06:23.659000,RUS,63,,13.0,5.0,0 days 01:04:27.960000,,,0 days 00:00:38.268000,0 days 00:00:35.732000,,0 days 01:05:47.984000,0 days 01:06:23.708000,229.0,291.0,319.0,215.0,False,SOFT,1.0,True,Mercedes,0 days 00:57:42.363000,2024-08-31 14:46:40.132,1,,False,,False,False
0 days 01:07:43.228000,RUS,63,,14.0,5.0,,,0 days 00:00:26.349000,0 days 00:00:26.836000,0 days 00:00:26.384000,0 days 01:06:50.008000,0 days 01:07:16.844000,0 days 01:07:43.228000,323.0,337.0,316.0,348.0,True,SOFT,2.0,True,Mercedes,0 days 01:06:23.659000,2024-08-31 14:55:21.428,1,,False,,False,True
0 days 01:09:28.967000,RUS,63,,15.0,5.0,,0 days 01:09:25.111000,0 days 00:00:33.020000,0 days 00:00:34.483000,0 days 00:00:38.236000,0 days 01:08:16.248000,0 days 01:08:50.731000,0 days 01:09:28.967000,291.0,310.0,,219.0,False,SOFT,3.0,True,Mercedes,0 days 01:07:43.228000,2024-08-31 14:56:40.997,1,,False,,False,False
0 days 01:14:36.991000,RUS,63,,16.0,6.0,0 days 01:12:50.802000,,,0 days 00:00:35.630000,0 days 00:00:37.661000,,0 days 01:13:59.486000,0 days 01:14:37.181000,273.0,266.0,318.0,241.0,False,SOFT,1.0,True,Mercedes,0 days 01:09:28.967000,2024-08-31 14:58:26.736,1,,False,,False,False
0 days 01:15:56.431000,RUS,63,,17.0,6.0,,,0 days 00:00:26.296000,0 days 00:00:26.844000,0 days 00:00:26.300000,0 days 01:15:03.287000,0 days 01:15:30.131000,0 days 01:15:56.431000,324.0,337.0,315.0,347.0,True,SOFT,2.0,True,Mercedes,0 days 01:14:36.991000,2024-08-31 15:03:34.760,1,,False,,False,True
0 days 01:17:49.253000,RUS,63,,18.0,6.0,,0 days 01:17:49.253000,0 days 00:00:40.404000,0 days 00:00:37.241000,,0 days 01:16:36.898000,0 days 01:17:14.188000,,203.0,239.0,,161.0,False,SOFT,3.0,True,Mercedes,0 days 01:15:56.431000,2024-08-31 15:04:54.200,1,,False,,False,False
0 days 00:13:53.164000,LEC,16,,1.0,1.0,0 days 00:12:00.909000,,,0 days 00:00:35.449000,0 days 00:00:32.709000,,0 days 00:13:20.541000,0 days 00:13:53.164000,302.0,298.0,315.0,179.0,False,SOFT,1.0,True,Ferrari,0 days 00:12:00.909000,2024-08-31 14:00:58.678,1,,False,,False,False
0 days 00:15:13.238000,LEC,16,,2.0,1.0,,,0 days 00:00:26.468000,0 days 00:00:26.967000,0 days 00:00:26.639000,0 days 00:14:19.632000,0 days 00:14:46.599000,0 days 00:15:13.238000,327.0,340.0,314.0,350.0,True,SOFT,2.0,True,Ferrari,0 days 00:13:53.164000,2024-08-31 14:02:50.933,1,,False,,False,True
0 days 00:17:01.475000,LEC,16,,3.0,1.0,,0 days 00:16:57.665000,0 days 00:00:33.340000,0 days 00:00:34.781000,0 days 00:00:40.116000,0 days 00:15:46.578000,0 days 00:16:21.359000,0 days 00:17:01.475000,275.0,264.0,,226.0,False,SOFT,3.0,True,Ferrari,0 days 00:15:13.238000,2024-08-31 14:04:11.007,1,,False,,False,False
0 days 00:20:54.419000,LEC,16,,4.0,2.0,0 days 00:18:51.567000,,,0 days 00:00:35.263000,0 days 00:00:31.792000,,0 days 00:20:22.672000,0 days 00:20:54.607000,301.0,278.0,316.0,89.0,False,SOFT,4.0,False,Ferrari,0 days 00:17:01.475000,2024-08-31 14:05:59.244,1,,False,,False,False
0 days 00:22:14.697000,LEC,16,,5.0,2.0,,,0 days 00:00:26.529000,0 days 00:00:27.001000,0 days 00:00:26.748000,0 days 00:21:20.948000,0 days 00:21:47.949000,0 days 00:22:14.697000,328.0,339.0,317.0,349.0,False,SOFT,5.0,False,Ferrari,0 days 00:20:54.419000,2024-08-31 14:09:52.188,1,,False,,False,True
0 days 00:24:05.897000,LEC,16,,6.0,2.0,,0 days 00:24:01.921000,0 days 00:00:34.056000,0 days 00:00:35.523000,0 days 00:00:41.621000,0 days 00:22:48.753000,0 days 00:23:24.276000,0 days 00:24:05.897000,260.0,278.0,,230.0,False,SOFT,6.0,False,Ferrari,0 days 00:22:14.697000,2024-08-31 14:11:12.466,1,,False,,False,False
0 days 00:42:12.250000,LEC,16,,7.0,3.0,0 days 00:40:17.529000,,,0 days 00:00:37.916000,0 days 00:00:31.573000,,0 days 00:41:40.714000,0 days 00:42:12.370000,268.0,259.0,315.0,82.0,False,SOFT,7.0,False,Ferrari,0 days 00:24:05.897000,2024-08-31 14:13:03.666,12,,False,,False,False
0 days 00:43:32.546000,LEC,16,,8.0,3.0,,,0 days 00:00:26.667000,0 days 00:00:26.992000,0 days 00:00:26.637000,0 days 00:42:38.917000,0 days 00:43:05.909000,0 days 00:43:32.546000,328.0,339.0,314.0,348.0,True,SOFT,8.0,False,Ferrari,0 days 00:42:12.250000,2024-08-31 14:31:10.019,1,,False,,False,True
0 days 00:45:13.845000,LEC,16,,9.0,3.0,,0 days 00:45:08.578000,0 days 00:00:30.056000,0 days 00:00:30.849000,0 days 00:00:40.394000,0 days 00:44:02.602000,0 days 00:44:33.451000,0 days 00:45:13.845000,298.0,296.0,,258.0,False,SOFT,9.0,False,Ferrari,0 days 00:43:32.546000,2024-08-31 14:32:30.315,1,,False,,False,False
0 days 00:47:19.261000,LEC,16,,10.0,4.0,0 days 00:45:40.296000,,0 days 00:01:00.587000,0 days 00:00:35.752000,0 days 00:00:29.077000,0 days 00:46:14.432000,0 days 00:46:50.184000,0 days 00:47:19.261000,121.0,312.0,317.0,220.0,False,SOFT,1.0,True,Ferrari,0 days 00:45:13.845000,2024-08-31 14:34:11.614,1,,False,,False,False
0 days 00:48:39.268000,LEC,16,,11.0,4.0,,,0 days 00:00:26.475000,0 days 00:00:26.921000,0 days 00:00:26.611000,0 days 00:47:45.736000,0 days 00:48:12.657000,0 days 00:48:39.268000,329.0,338.0,317.0,348.0,True,SOFT,2.0,True,Ferrari,0 days 00:47:19.261000,2024-08-31 14:36:17.030,1,,False,,False,True
0 days 00:50:28.840000,LEC,16,,12.0,4.0,,0 days 00:50:24.990000,0 days 00:00:33.698000,0 days 00:00:35.101000,0 days 00:00:40.773000,0 days 00:49:12.966000,0 days 00:49:48.067000,0 days 00:50:28.840000,276.0,278.0,,228.0,False,SOFT,3.0,True,Ferrari,0 days 00:48:39.268000,2024-08-31 14:37:37.037,1,,False,,False,False
0 days 00:53:47.308000,LEC,16,,13.0,5.0,0 days 00:51:57.490000,,,0 days 00:00:36.767000,0 days 00:00:30.617000,,0 days 00:53:16.742000,0 days 00:53:47.600000,261.0,291.0,317.0,135.0,False,SOFT,4.0,False,Ferrari,0 days 00:50:28.840000,2024-08-31 14:39:26.609,1,,False,,False,False
0 days 00:55:07.384000,LEC,16,,14.0,5.0,,,0 days 00:00:26.509000,0 days 00:00:26.941000,0 days 00:00:26.626000,0 days 00:54:13.817000,0 days 00:54:40.758000,0 days 00:55:07.384000,326.0,341.0,313.0,350.0,False,SOFT,5.0,False,Ferrari,0 days 00:53:47.308000,2024-08-31 14:42:45.077,1,,False,,False,True
0 days 00:57:01.092000,LEC,16,,15.0,5.0,,0 days 00:56:57.249000,0 days 00:00:32.510000,0 days 00:00:39.217000,0 days 00:00:41.981000,0 days 00:55:39.894000,0 days 00:56:19.111000,0 days 00:57:01.092000,225.0,185.0,,239.0,False,SOFT,6.0,False,Ferrari,0 days 00:55:07.384000,2024-08-31 14:44:05.153,1,,False,,False,False
0 days 01:06:03.314000,LEC,16,,16.0,6.0,0 days 01:04:13.255000,,,0 days 00:00:32.845000,0 days 00:00:32.924000,,0 days 01:05:30.514000,0 days 01:06:03.343000,291.0,305.0,317.0,223.0,False,SOFT,1.0,True,Ferrari,0 days 00:57:01.092000,2024-08-31 14:45:58.861,1,,False,,False,False
0 days 01:07:23.018000,LEC,16,,17.0,6.0,,,0 days 00:00:26.438000,0 days 00:00:26.822000,0 days 00:00:26.444000,0 days 01:06:29.752000,0 days 01:06:56.574000,0 days 01:07:23.018000,326.0,340.0,314.0,350.0,True,SOFT,2.0,True,Ferrari,0 days 01:06:03.314000,2024-08-31 14:55:01.083,1,,False,,False,True
0 days 01:09:06.097000,LEC,16,,18.0,6.0,,0 days 01:09:02.325000,0 days 00:00:31.495000,0 days 00:00:31.515000,0 days 00:00:40.069000,0 days 01:07:54.513000,0 days 01:08:26.028000,0 days 01:09:06.097000,264.0,237.0,,210.0,False,SOFT,3.0,True,Ferrari,0 days 01:07:23.018000,2024-08-31 14:56:20.787,1,,False,,False,False
0 days 01:14:12.067000,LEC,16,,19.0,7.0,0 days 01:12:18.148000,,,0 days 00:00:33.616000,0 days 00:00:32.030000,,0 days 01:13:40.102000,0 days 01:14:12.270000,303.0,288.0,319.0,129.0,False,SOFT,1.0,True,Ferrari,0 days 01:09:06.097000,2024-08-31 14:58:03.866,1,,False,,False,False
0 days 01:15:31.528000,LEC,16,,20.0,7.0,,,0 days 00:00:26.373000,0 days 00:00:26.732000,0 days 00:00:26.356000,0 days 01:14:38.440000,0 days 01:15:05.172000,0 days 01:15:31.528000,327.0,341.0,318.0,350.0,True,SOFT,2.0,True,Ferrari,0 days 01:14:12.067000,2024-08-31 15:03:09.836,1,,False,,False,True
0 days 01:17:24.813000,LEC,16,,21.0,7.0,,0 days 01:17:24.813000,0 days 00:00:36.518000,0 days 00:00:36.810000,,0 days 01:16:08.196000,0 days 01:16:44.883000,,214.0,184.0,,182.0,False,SOFT,3.0,True,Ferrari,0 days 01:15:31.528000,2024-08-31 15:04:29.297,1,,False,,False,False
0 days 00:13:47.284000,SAI,55,,1.0,1.0,0 days 00:11:57.718000,,,0 days 00:00:36.762000,0 days 00:00:32.390000,,0 days 00:13:14.894000,0 days 00:13:47.345000,293.0,308.0,316.0,175.0,False,SOFT,1.0,True,Ferrari,0 days 00:11:57.718000,2024-08-31 14:00:55.487,1,,False,,False,False
0 days 00:15:10.788000,SAI,55,,2.0,1.0,,,0 days 00:00:26.404000,0 days 00:00:29.185000,0 days 00:00:27.915000,0 days 00:14:13.688000,0 days 00:14:42.873000,0 days 00:15:10.788000,327.0,305.0,316.0,349.0,True,SOFT,2.0,True,Ferrari,0 days 00:13:47.284000,2024-08-31 14:02:45.053,1,,False,,False,True
0 days 00:17:07.638000,SAI,55,,3.0,1.0,,0 days 00:17:03.607000,0 days 00:00:37.286000,0 days 00:00:35.579000,0 days 00:00:43.985000,0 days 00:15:48.074000,0 days 00:16:23.653000,0 days 00:17:07.638000,255.0,224.0,,184.0,False,SOFT,3.0,True,Ferrari,0 days 00:15:10.788000,2024-08-31 14:04:08.557,1,,False,,False,False
0 days 00:20:48.184000,SAI,55,,4.0,2.0,0 days 00:18:46.193000,,,0 days 00:00:37.398000,0 days 00:00:33.096000,,0 days 00:20:15.176000,0 days 00:20:48.368000,267.0,298.0,318.0,71.0,False,SOFT,4.0,False,Ferrari,0 days 00:17:07.638000,2024-08-31 14:06:05.407,1,,False,,False,False
0 days 00:22:08.333000,SAI,55,,5.0,2.0,,,0 days 00:00:26.403000,0 days 00:00:27.034000,0 days 00:00:26.712000,0 days 00:21:14.587000,0 days 00:21:41.621000,0 days 00:22:08.333000,328.0,338.0,315.0,349.0,True,SOFT,5.0,False,Ferrari,0 days 00:20:48.184000,2024-08-31 14:09:45.953,1,,False,,False,True
0 days 00:24:04.151000,SAI,55,,6.0,2.0,,0 days 00:23:58.361000,0 days 00:00:38.104000,0 days 00:00:35.064000,0 days 00:00:42.650000,0 days 00:22:46.437000,0 days 00:23:21.501000,0 days 00:24:04.151000,248.0,260.0,,182.0,False,SOFT,6.0,False,Ferrari,0 days 00:22:08.333000,2024-08-31 14:11:06.102,1,,False,,False,False
0 days 00:42:06.304000,SAI,55,,7.0,3.0,0 days 00:40:13.020000,,,0 days 00:00:36.538000,0 days 00:00:33.589000,,0 days 00:41:32.715000,0 days 00:42:06.354000,268.0,281.0,315.0,125.0,False,SOFT,7.0,False,Ferrari,0 days 00:24:04.151000,2024-08-31 14:13:01.920,12,,False,,False,False
0 days 00:43:26.632000,SAI,55,,8.0,3.0,,,0 days 00:00:26.427000,0 days 00:00:27.160000,0 days 00:00:26.741000,0 days 00:42:32.731000,0 days 00:42:59.891000,0 days 00:43:26.632000,327.0,337.0,317.0,346.0,True,SOFT,8.0,False,Ferrari,0 days 00:42:06.304000,2024-08-31 14:31:04.073,1,,False,,False,True
0 days 00:45:08.252000,SAI,55,,9.0,3.0,,0 days 00:45:04.506000,0 days 00:00:35.067000,0 days 00:00:31.410000,0 days 00:00:35.143000,0 days 00:44:01.699000,0 days 00:44:33.109000,0 days 00:45:08.252000,256.0,309.0,,159.0,False,SOFT,9.0,False,Ferrari,0 days 00:43:26.632000,2024-08-31 14:32:24.401,1,,False,,False,False
0 days 00:47:10.398000,SAI,55,,10.0,4.0,0 days 00:45:31.714000,,0 days 00:00:53.879000,0 days 00:00:37.801000,0 days 00:00:30.466000,0 days 00:46:02.131000,0 days 00:46:39.932000,0 days 00:47:10.398000,303.0,302.0,320.0,243.0,False,SOFT,1.0,True,Ferrari,0 days 00:45:08.252000,2024-08-31 14:34:06.021,1,,False,,False,False
0 days 00:48:30.197000,SAI,55,,11.0,4.0,,,0 days 00:00:26.348000,0 days 00:00:26.942000,0 days 00:00:26.509000,0 days 00:47:36.746000,0 days 00:48:03.688000,0 days 00:48:30.197000,326.0,337.0,314.0,348.0,True,SOFT,2.0,True,Ferrari,0 days 00:47:10.398000,2024-08-31 14:36:08.167,1,,False,,False,True
0 days 00:50:19.426000,SAI,55,,12.0,4.0,,0 days 00:50:15.634000,0 days 00:00:36.371000,0 days 00:00:34.532000,0 days 00:00:38.326000,0 days 00:49:06.568000,0 days 00:49:41.100000,0 days 00:50:19.426000,247.0,273.0,,174.0,False,SOFT,3.0,True,Ferrari,0 days 00:48:30.197000,2024-08-31 14:37:27.966,1,,False,,False,False
0 days 01:05:52.607000,SAI,55,,13.0,5.0,0 days 01:03:45.500000,,,0 days 00:00:35.206000,0 days 00:00:33.148000,,0 days 01:05:19.534000,0 days 01:05:52.671000,302.0,307.0,317.0,143.0,False,SOFT,1.0,True,Ferrari,0 days 00:50:19.426000,2024-08-31 14:39:17.195,1,,False,,False,False
0 days 01:07:12.308000,SAI,55,,14.0,5.0,,,0 days 00:00:26.258000,0 days 00:00:26.934000,0 days 00:00:26.509000,0 days 01:06:18.865000,0 days 01:06:45.799000,0 days 01:07:12.308000,327.0,339.0,317.0,349.0,True,SOFT,2.0,True,Ferrari,0 days 01:05:52.607000,2024-08-31 14:54:50.376,1,,False,,False,True
0 days 01:08:55.365000,SAI,55,,15.0,5.0,,0 days 01:08:51.518000,0 days 00:00:32.041000,0 days 00:00:33.223000,0 days 00:00:37.793000,0 days 01:07:44.349000,0 days 01:08:17.572000,0 days 01:08:55.365000,275.0,267.0,,252.0,False,SOFT,3.0,True,Ferrari,0 days 01:07:12.308000,2024-08-31 14:56:10.077,1,,False,,False,False
0 days 01:14:06.961000,SAI,55,,16.0,6.0,0 days 01:12:10.574000,,,0 days 00:00:37.186000,0 days 00:00:31.388000,,0 days 01:13:35.639000,0 days 01:14:07.091000,303.0,312.0,318.0,160.0,False,SOFT,1.0,True,Ferrari,0 days 01:08:55.365000,2024-08-31 14:57:53.134,1,,False,,False,False
0 days 01:15:26.428000,SAI,55,,17.0,6.0,,,0 days 00:00:26.223000,0 days 00:00:26.823000,0 days 00:00:26.421000,0 days 01:14:33.184000,0 days 01:15:00.007000,0 days 01:15:26.428000,328.0,341.0,313.0,350.0,True,SOFT,2.0,True,Ferrari,0 days 01:14:06.961000,2024-08-31 15:03:04.730,1,,False,,False,True
0 days 01:17:16.857000,SAI,55,,18.0,6.0,,0 days 01:17:16.857000,0 days 00:00:35.167000,0 days 00:00:37.082000,,0 days 01:16:01.708000,0 days 01:16:38.755000,,214.0,214.0,,241.0,False,SOFT,3.0,True,Ferrari,0 days 01:15:26.428000,2024-08-31 15:04:24.197,1,,False,,False,False
0 days 00:19:26.845000,HAM,44,,1.0,1.0,0 days 00:17:42.482000,,,0 days 00:00:37.124000,0 days 00:00:31.850000,,0 days 00:18:54.995000,0 days 00:19:26.940000,249.0,288.0,315.0,223.0,False,SOFT,1.0,True,Mercedes,0 days 00:17:42.482000,2024-08-31 14:06:40.251,1,,False,,False,False
0 days 00:20:47.322000,HAM,44,,2.0,1.0,,,0 days 00:00:26.633000,0 days 00:00:27.078000,0 days 00:00:26.766000,0 days 00:19:53.478000,0 days 00:20:20.556000,0 days 00:20:47.322000,326.0,334.0,314.0,344.0,True,SOFT,2.0,True,Mercedes,0 days 00:19:26.845000,2024-08-31 14:08:24.614,1,,False,,False,True
0 days 00:22:56.980000,HAM,44,,3.0,1.0,,0 days 00:22:51.653000,0 days 00:00:45.907000,0 days 00:00:38.424000,0 days 00:00:45.327000,0 days 00:21:33.229000,0 days 00:22:11.653000,0 days 00:22:56.980000,201.0,250.0,,180.0,False,SOFT,3.0,True,Mercedes,0 days 00:20:47.322000,2024-08-31 14:09:45.091,1,,False,,False,False
0 days 00:28:12.501000,HAM,44,,4.0,2.0,0 days 00:26:21.689000,,,0 days 00:00:37.151000,0 days 00:00:30.316000,,0 days 00:27:42.339000,0 days 00:28:12.712000,243.0,267.0,315.0,184.0,False,SOFT,4.0,False,Mercedes,0 days 00:22:56.980000,2024-08-31 14:11:54.749,1,,False,,False,False
0 days 00:29:33.043000,HAM,44,,5.0,2.0,,,0 days 00:00:26.883000,0 days 00:00:27.065000,0 days 00:00:26.594000,0 days 00:28:39.384000,0 days 00:29:06.449000,0 days 00:29:33.043000,322.0,337.0,315.0,346.0,False,SOFT,5.0,False,Mercedes,0 days 00:28:12.501000,2024-08-31 14:17:10.270,12,,False,,False,True
0 days 00:31:22.787000,HAM,44,,6.0,2.0,,0 days 00:31:18.847000,0 days 00:00:34.359000,0 days 00:00:35.122000,0 days 00:00:40.263000,0 days 00:30:07.402000,0 days 00:30:42.524000,0 days 00:31:22.787000,282.0,237.0,,188.0,False,SOFT,6.0,False,Mercedes,0 days 00:29:33.043000,2024-08-31 14:18:30.812,1,,False,,False,False
0 days 00:45:49.710000,HAM,44,,7.0,3.0,0 days 00:44:06.291000,,,0 days 00:00:36.217000,0 days 00:00:30.029000,,0 days 00:45:19.685000,0 days 00:45:49.710000,262.0,289.0,317.0,185.0,False,SOFT,1.0,True,Mercedes,0 days 00:31:22.787000,2024-08-31 14:20:20.556,1,,False,,False,False
0 days 00:47:09.351000,HAM,44,,8.0,3.0,,,0 days 00:00:26.407000,0 days 00:00:26.855000,0 days 00:00:26.379000,0 days 00:46:16.117000,0 days 00:46:42.972000,0 days 00:47:09.351000,326.0,340.0,316.0,348.0,True,SOFT,2.0,True,Mercedes,0 days 00:45:49.710000,2024-08-31 14:34:47.479,1,,False,,False,True
0 days 00:49:04.365000,HAM,44,,9.0,3.0,,0 days 00:49:00.524000,0 days 00:00:35.280000,0 days 00:00:39.479000,0 days 00:00:40.255000,0 days 00:47:44.631000,0 days 00:48:24.110000,0 days 00:49:04.365000,223.0,229.0,,222.0,False,SOFT,3.0,True,Mercedes,0 days 00:47:09.351000,2024-08-31 14:36:07.120,1,,False,,False,False
0 days 00:54:43.601000,HAM,44,,10.0,4.0,0 days 00:52:53.631000,,,0 days 00:00:38.427000,0 days 00:00:32.296000,,0 days 00:54:11.457000,0 days 00:54:43.888000,227.0,264.0,315.0,203.0,False,SOFT,4.0,False,Mercedes,0 days 00:49:04.365000,2024-08-31 14:38:02.134,1,,False,,False,False
0 days 00:56:03.590000,HAM,44,,11.0,4.0,,,0 days 00:00:26.422000,0 days 00:00:26.890000,0 days 00:00:26.677000,0 days 00:55:10.023000,0 days 00:55:36.913000,0 days 00:56:03.590000,324.0,338.0,311.0,348.0,False,SOFT,5.0,False,Mercedes,0 days 00:54:43.601000,2024-08-31 14:43:41.370,1,,False,,False,True
0 days 00:57:51.096000,HAM,44,,12.0,4.0,,0 days 00:57:47.087000,0 days 00:00:32.130000,0 days 00:00:35.408000,0 days 00:00:39.968000,0 days 00:56:35.720000,0 days 00:57:11.128000,0 days 00:57:51.096000,267.0,210.0,,229.0,False,SOFT,6.0,False,Mercedes,0 days 00:56:03.590000,2024-08-31 14:45:01.359,1,,False,,False,False
0 days 01:06:28.186000,HAM,44,,13.0,5.0,0 days 01:04:39.678000,,,0 days 00:00:38.875000,0 days 00:00:32.901000,,0 days 01:05:55.371000,0 days 01:06:28.228000,261.0,169.0,316.0,214.0,False,SOFT,1.0,True,Mercedes,0 days 00:57:51.096000,2024-08-31 14:46:48.865,1,,False,,False,False
0 days 01:07:47.787000,HAM,44,,14.0,5.0,,,0 days 00:00:26.381000,0 days 00:00:26.765000,0 days 00:00:26.455000,0 days 01:06:54.567000,0 days 01:07:21.332000,0 days 01:07:47.787000,323.0,338.0,316.0,347.0,True,SOFT,2.0,True,Mercedes,0 days 01:06:28.186000,2024-08-31 14:55:25.955,1,,False,,False,True
0 days 01:09:35.003000,HAM,44,,15.0,5.0,,0 days 01:09:31.093000,0 days 00:00:33.079000,0 days 00:00:35.378000,0 days 00:00:38.759000,0 days 01:08:20.866000,0 days 01:08:56.244000,0 days 01:09:35.003000,271.0,233.0,,193.0,False,SOFT,3.0,True,Mercedes,0 days 01:07:47.787000,2024-08-31 14:56:45.556,1,,False,,False,False
0 days 01:14:40.786000,HAM,44,,16.0,6.0,0 days 01:12:56.653000,,,0 days 00:00:35.424000,0 days 00:00:33.673000,,0 days 01:14:07.223000,0 days 01:14:40.949000,260.0,299.0,318.0,162.0,False,SOFT,1.0,True,Mercedes,0 days 01:09:35.003000,2024-08-31 14:58:32.772,1,,False,,False,False
0 days 01:16:00.299000,HAM,44,,17.0,6.0,,,0 days 00:00:26.428000,0 days 00:00:26.672000,0 days 00:00:26.413000,0 days 01:15:07.214000,0 days 01:15:33.886000,0 days 01:16:00.299000,325.0,338.0,316.0,348.0,True,SOFT,2.0,True,Mercedes,0 days 01:14:40.786000,2024-08-31 15:03:38.555,1,,False,,False,True
0 days 01:17:52.897000,HAM,44,,18.0,6.0,,0 days 01:17:52.897000,0 days 00:00:40.736000,0 days 00:00:37.737000,,0 days 01:16:41.092000,0 days 01:17:18.743000,,190.0,303.0,,163.0,False,SOFT,3.0,True,Mercedes,0 days 01:16:00.299000,2024-08-31 15:04:58.068,1,,False,,False,False
0 days 00:16:02.802000,VER,1,,1.0,1.0,0 days 00:14:12.688000,,,0 days 00:00:37.186000,0 days 00:00:32.163000,,0 days 00:15:30.672000,0 days 00:16:02.910000,252.0,273.0,316.0,206.0,False,SOFT,1.0,True,Red Bull Racing,0 days 00:14:12.688000,2024-08-31 14:03:10.457,1,,False,,False,False
0 days 00:17:23.028000,VER,1,,2.0,1.0,,,0 days 00:00:26.605000,0 days 00:00:26.993000,0 days 00:00:26.628000,0 days 00:16:29.407000,0 days 00:16:56.400000,0 days 00:17:23.028000,324.0,335.0,315.0,342.0,True,SOFT,2.0,True,Red Bull Racing,0 days 00:16:02.802000,2024-08-31 14:05:00.571,1,,False,,False,True
0 days 00:19:19.930000,VER,1,,3.0,1.0,,0 days 00:19:16.169000,0 days 00:00:36.172000,0 days 00:00:40.036000,0 days 00:00:40.694000,0 days 00:17:59.200000,0 days 00:18:39.236000,0 days 00:19:19.930000,226.0,205.0,,202.0,False,SOFT,3.0,True,Red Bull Racing,0 days 00:17:23.028000,2024-08-31 14:06:20.797,1,,False,,False,False
0 days 00:27:58.594000,VER,1,,4.0,2.0,0 days 00:25:59.155000,,,0 days 00:00:38.544000,0 days 00:00:31.882000,,0 days 00:27:26.747000,0 days 00:27:58.886000,244.0,266.0,316.0,80.0,False,SOFT,4.0,False,Red Bull Racing,0 days 00:19:19.930000,2024-08-31 14:08:17.699,1,,False,,False,False
0 days 00:29:21.406000,VER,1,,5.0,2.0,,,0 days 00:00:26.510000,0 days 00:00:26.882000,0 days 00:00:29.420000,0 days 00:28:25.104000,0 days 00:28:51.986000,0 days 00:29:21.406000,323.0,338.0,160.0,346.0,False,SOFT,5.0,False,Red Bull Racing,0 days 00:27:58.594000,2024-08-31 14:16:56.363,12,,False,,False,True
0 days 00:31:10.105000,VER,1,,6.0,2.0,,0 days 00:31:06.264000,0 days 00:00:36.275000,0 days 00:00:33.038000,0 days 00:00:39.386000,0 days 00:29:57.681000,0 days 00:30:30.719000,0 days 00:31:10.105000,258.0,259.0,,201.0,False,SOFT,6.0,False,Red Bull Racing,0 days 00:29:21.406000,2024-08-31 14:18:19.175,1,,False,,False,False
0 days 00:43:09.588000,VER,1,,7.0,3.0,0 days 00:41:20.941000,,,0 days 00:00:36.213000,0 days 00:00:34.839000,,0 days 00:42:34.783000,0 days 00:43:09.588000,278.0,233.0,317.0,218.0,False,SOFT,1.0,True,Red Bull Racing,0 days 00:31:10.105000,2024-08-31 14:20:07.874,1,,False,,False,False
0 days 00:44:29.462000,VER,1,,8.0,3.0,,,0 days 00:00:26.442000,0 days 00:00:26.853000,0 days 00:00:26.579000,0 days 00:43:36.030000,0 days 00:44:02.883000,0 days 00:44:29.462000,324.0,335.0,315.0,343.0,True,SOFT,2.0,True,Red Bull Racing,0 days 00:43:09.588000,2024-08-31 14:32:07.357,1,,False,,False,True
0 days 00:46:25.324000,VER,1,,9.0,3.0,,0 days 00:46:21.419000,0 days 00:00:35.389000,0 days 00:00:36.646000,0 days 00:00:43.827000,0 days 00:45:04.851000,0 days 00:45:41.497000,0 days 00:46:25.324000,246.0,218.0,,224.0,False,SOFT,3.0,True,Red Bull Racing,0 days 00:44:29.462000,2024-08-31 14:33:27.231,1,,False,,False,False
0 days 00:52:40.077000,VER,1,,10.0,4.0,0 days 00:50:51.592000,,,0 days 00:00:38.193000,0 days 00:00:32.486000,,0 days 00:52:07.729000,0 days 00:52:40.347000,206.0,245.0,319.0,167.0,False,SOFT,4.0,False,Red Bull Racing,0 days 00:46:25.324000,2024-08-31 14:35:23.093,1,,False,,False,False
0 days 00:53:59.739000,VER,1,,11.0,4.0,,,0 days 00:00:26.389000,0 days 00:00:26.656000,0 days 00:00:26.617000,0 days 00:53:06.466000,0 days 00:53:33.122000,0 days 00:53:59.739000,326.0,338.0,317.0,347.0,True,SOFT,5.0,False,Red Bull Racing,0 days 00:52:40.077000,2024-08-31 14:41:37.846,1,,False,,False,True
0 days 00:55:50.417000,VER,1,,12.0,4.0,,0 days 00:55:46.418000,0 days 00:00:33.477000,0 days 00:00:36.192000,0 days 00:00:41.009000,0 days 00:54:33.216000,0 days 00:55:09.408000,0 days 00:55:50.417000,252.0,247.0,,220.0,False,SOFT,6.0,False,Red Bull Racing,0 days 00:53:59.739000,2024-08-31 14:42:57.508,1,,False,,False,False
0 days 01:05:57.637000,VER,1,,13.0,5.0,0 days 01:03:50.939000,,,0 days 00:00:33.790000,0 days 00:00:32.214000,,0 days 01:05:25.573000,0 days 01:05:57.708000,272.0,277.0,318.0,200.0,False,SOFT,1.0,True,Red Bull Racing,0 days 00:55:50.417000,2024-08-31 14:44:48.186,1,,False,,False,False
0 days 01:07:17.709000,VER,1,,14.0,5.0,,,0 days 00:00:26.391000,0 days 00:00:26.798000,0 days 00:00:26.883000,0 days 01:06:24.028000,0 days 01:06:50.826000,0 days 01:07:17.709000,324.0,337.0,316.0,346.0,True,SOFT,2.0,True,Red Bull Racing,0 days 01:05:57.637000,2024-08-31 14:54:55.406,1,,False,,False,True
0 days 01:08:57.415000,VER,1,,15.0,5.0,,0 days 01:08:53.702000,0 days 00:00:31.210000,0 days 00:00:31.780000,0 days 00:00:36.716000,0 days 01:07:48.919000,0 days 01:08:20.699000,0 days 01:08:57.415000,285.0,252.0,,231.0,False,SOFT,3.0,True,Red Bull Racing,0 days 01:07:17.709000,2024-08-31 14:56:15.478,1,,False,,False,False
0 days 01:13:16.022000,VER,1,,16.0,6.0,0 days 01:11:28.976000,,,0 days 00:00:37.381000,0 days 00:00:29.781000,,0 days 01:12:46.383000,0 days 01:13:16.379000,265.0,316.0,317.0,183.0,False,SOFT,1.0,True,Red Bull Racing,0 days 01:08:57.415000,2024-08-31 14:57:55.184,1,,False,,False,False
0 days 01:14:36.044000,VER,1,,17.0,6.0,,,0 days 00:00:26.392000,0 days 00:00:26.947000,0 days 00:00:26.683000,0 days 01:13:42.414000,0 days 01:14:09.361000,0 days 01:14:36.044000,325.0,338.0,315.0,344.0,True,SOFT,2.0,True,Red Bull Racing,0 days 01:13:16.022000,2024-08-31 15:02:13.791,1,,False,,False,True
0 days 01:16:31.622000,VER,1,,18.0,6.0,,0 days 01:16:31.622000,0 days 00:00:39.621000,0 days 00:00:36.055000,,0 days 01:15:15.844000,0 days 01:15:51.946000,,228.0,246.0,,140.0,False,SOFT,3.0,True,Red Bull Racing,0 days 01:14:36.044000,2024-08-31 15:03:33.813,1,,False,,False,False
0 days 00:15:49.684000,PER,11,,1.0,1.0,0 days 00:14:07.189000,,,0 days 00:00:37.057000,0 days 00:00:32.574000,,0 days 00:15:17.110000,0 days 00:15:49.739000,302.0,225.0,315.0,207.0,False,SOFT,1.0,True,Red Bull Racing,0 days 00:14:07.189000,2024-08-31 14:03:04.958,1,,False,,False,False
0 days 00:17:10.794000,PER,11,,2.0,1.0,,,0 days 00:00:26.640000,0 days 00:00:27.352000,0 days 00:00:27.118000,0 days 00:16:16.324000,0 days 00:16:43.676000,0 days 00:17:10.794000,325.0,336.0,311.0,343.0,True,SOFT,2.0,True,Red Bull Racing,0 days 00:15:49.684000,2024-08-31 14:04:47.453,1,,False,,False,True
0 days 00:19:04.731000,PER,11,,3.0,1.0,,0 days 00:18:59.758000,0 days 00:00:38.143000,0 days 00:00:36.695000,0 days 00:00:39.099000,0 days 00:17:48.937000,0 days 00:18:25.632000,0 days 00:19:04.731000,267.0,236.0,,172.0,False,SOFT,3.0,True,Red Bull Racing,0 days 00:17:10.794000,2024-08-31 14:06:08.563,1,,False,,False,False
0 days 00:25:55.578000,PER,11,,4.0,2.0,0 days 00:24:10.561000,,,0 days 00:00:38.464000,0 days 00:00:30.581000,,0 days 00:25:25.030000,0 days 00:25:55.861000,214.0,303.0,317.0,191.0,False,SOFT,1.0,True,Red Bull Racing,0 days 00:19:04.731000,2024-08-31 14:08:02.500,1,,False,,False,False
0 days 00:27:16.176000,PER,11,,5.0,2.0,,,0 days 00:00:26.693000,0 days 00:00:27.181000,0 days 00:00:26.724000,0 days 00:26:22.271000,0 days 00:26:49.452000,0 days 00:27:16.176000,325.0,340.0,315.0,344.0,True,SOFT,2.0,True,Red Bull Racing,0 days 00:25:55.578000,2024-08-31 14:14:53.347,1,,False,,False,True
0 days 00:29:12.684000,PER,11,,6.0,2.0,,0 days 00:29:08.183000,0 days 00:00:36.541000,0 days 00:00:37.915000,0 days 00:00:42.052000,0 days 00:27:52.717000,0 days 00:28:30.632000,0 days 00:29:12.684000,275.0,275.0,,174.0,False,SOFT,3.0,True,Red Bull Racing,0 days 00:27:16.176000,2024-08-31 14:16:13.945,12,,False,,False,False
0 days 00:42:57.160000,PER,11,,7.0,3.0,0 days 00:41:15.855000,,,0 days 00:00:34.989000,0 days 00:00:30.801000,,0 days 00:42:26.440000,0 days 00:42:57.160000,289.0,296.0,316.0,240.0,False,SOFT,4.0,False,Red Bull Racing,0 days 00:29:12.684000,2024-08-31 14:18:10.453,1,,False,,False,False
0 days 00:44:17.562000,PER,11,,8.0,3.0,,,0 days 00:00:26.533000,0 days 00:00:27.091000,0 days 00:00:26.778000,0 days 00:43:23.693000,0 days 00:43:50.784000,0 days 00:44:17.562000,325.0,337.0,314.0,346.0,True,SOFT,5.0,False,Red Bull Racing,0 days 00:42:57.160000,2024-08-31 14:31:54.929,1,,False,,False,True
0 days 00:46:09.841000,PER,11,,9.0,3.0,,0 days 00:46:05.266000,0 days 00:00:33.230000,0 days 00:00:36.931000,0 days 00:00:42.118000,0 days 00:44:50.792000,0 days 00:45:27.723000,0 days 00:46:09.841000,267.0,281.0,,211.0,False,SOFT,6.0,False,Red Bull Racing,0 days 00:44:17.562000,2024-08-31 14:33:15.331,1,,False,,False,False
0 days 00:52:34.750000,PER,11,,10.0,4.0,0 days 00:50:50.663000,,,0 days 00:00:37.912000,0 days 00:00:31.050000,,0 days 00:52:03.977000,0 days 00:52:34.987000,232.0,274.0,318.0,196.0,False,SOFT,1.0,True,Red Bull Racing,0 days 00:46:09.841000,2024-08-31 14:35:07.610,1,,False,,False,False
0 days 00:53:54.966000,PER,11,,11.0,4.0,,,0 days 00:00:26.498000,0 days 00:00:27.034000,0 days 00:00:26.684000,0 days 00:53:01.248000,0 days 00:53:28.282000,0 days 00:53:54.966000,326.0,338.0,314.0,346.0,True,SOFT,2.0,True,Red Bull Racing,0 days 00:52:34.750000,2024-08-31 14:41:32.519,1,,False,,False,True
0 days 00:55:48.026000,PER,11,,12.0,4.0,,0 days 00:55:43.324000,0 days 00:00:34.825000,0 days 00:00:36.647000,0 days 00:00:41.588000,0 days 00:54:29.791000,0 days 00:55:06.438000,0 days 00:55:48.026000,253.0,279.0,,205.0,False,SOFT,3.0,True,Red Bull Racing,0 days 00:53:54.966000,2024-08-31 14:42:52.735,1,,False,,False,False
0 days 01:05:21.114000,PER,11,,13.0,5.0,0 days 01:03:27.552000,,,0 days 00:00:32.171000,0 days 00:00:34.143000,,0 days 01:04:47.123000,0 days 01:05:21.114000,301.0,255.0,317.0,190.0,False,SOFT,4.0,False,Red Bull Racing,0 days 00:55:48.026000,2024-08-31 14:44:45.795,1,,False,,False,False
0 days 01:06:41.176000,PER,11,,14.0,5.0,,,0 days 00:00:26.488000,0 days 00:00:27.042000,0 days 00:00:26.532000,0 days 01:05:47.602000,0 days 01:06:14.644000,0 days 01:06:41.176000,324.0,337.0,313.0,346.0,True,SOFT,5.0,False,Red Bull Racing,0 days 01:05:21.114000,2024-08-31 14:54:18.883,1,,False,,False,True
0 days 01:08:22.590000,PER,11,,15.0,5.0,,0 days 01:08:18.636000,0 days 00:00:31.383000,0 days 00:00:33.632000,0 days 00:00:36.399000,0 days 01:07:12.559000,0 days 01:07:46.191000,0 days 01:08:22.590000,288.0,291.0,,263.0,False,SOFT,6.0,False,Red Bull Racing,0 days 01:06:41.176000,2024-08-31 14:55:38.945,1,,False,,False,False
0 days 01:13:09.785000,PER,11,,16.0,6.0,0 days 01:11:26.667000,,,0 days 00:00:34.148000,0 days 00:00:29.816000,,0 days 01:12:39.969000,0 days 01:13:10.049000,252.0,304.0,316.0,174.0,False,SOFT,1.0,True,Red Bull Racing,0 days 01:08:22.590000,2024-08-31 14:57:20.359,1,,False,,False,False
0 days 01:14:41.062000,PER,11,,17.0,6.0,,0 days 01:14:41.062000,0 days 00:00:26.560000,0 days 00:00:28.056000,,0 days 01:13:36.300000,0 days 01:14:04.311000,,326.0,326.0,,344.0,False,SOFT,2.0,True,Red Bull Racing,0 days 01:13:09.785000,2024-08-31 15:02:07.554,1,,False,,False,False
0 days 00:16:51.074000,ALB,23,,1.0,1.0,0 days 00:14:48.935000,,,0 days 00:00:36.202000,0 days 00:00:30.387000,,0 days 00:16:20.687000,0 days 00:16:51.124000,241.0,315.0,315.0,183.0,False,SOFT,1.0,True,Williams,0 days 00:14:48.935000,2024-08-31 14:03:46.704,1,,False,,False,False
0 days 00:18:11.894000,ALB,23,,2.0,1.0,,,0 days 00:00:26.608000,0 days 00:00:27.255000,0 days 00:00:26.957000,0 days 00:17:17.682000,0 days 00:17:44.937000,0 days 00:18:11.894000,324.0,338.0,313.0,347.0,True,SOFT,2.0,True,Williams,0 days 00:16:51.074000,2024-08-31 14:05:48.843,1,,False,,False,True
0 days 00:19:56,ALB,23,,3.0,1.0,,0 days 00:19:52.173000,0 days 00:00:34.064000,0 days 00:00:33.964000,0 days 00:00:36.078000,0 days 00:18:45.958000,0 days 00:19:19.922000,0 days 00:19:56,266.0,296.0,,235.0,False,SOFT,3.0,True,Williams,0 days 00:18:11.894000,2024-08-31 14:07:09.663,1,,False,,False,False
0 days 00:24:29.858000,ALB,23,,4.0,2.0,0 days 00:22:47.329000,,,0 days 00:00:35.543000,0 days 00:00:30.654000,,0 days 00:23:59.204000,0 days 00:24:30.055000,224.0,315.0,312.0,260.0,False,SOFT,1.0,True,Williams,0 days 00:19:56,2024-08-31 14:08:53.769,1,,False,,False,False
0 days 00:25:50.400000,ALB,23,,5.0,2.0,,,0 days 00:00:26.502000,0 days 00:00:27.271000,0 days 00:00:26.769000,0 days 00:24:56.360000,0 days 00:25:23.631000,0 days 00:25:50.400000,322.0,334.0,310.0,345.0,True,SOFT,2.0,True,Williams,0 days 00:24:29.858000,2024-08-31 14:13:27.627,1,,False,,False,True
0 days 00:27:39.629000,ALB,23,,6.0,2.0,,0 days 00:27:35.729000,0 days 00:00:39.180000,0 days 00:00:32.579000,0 days 00:00:37.470000,0 days 00:26:29.580000,0 days 00:27:02.159000,0 days 00:27:39.629000,269.0,291.0,,103.0,False,SOFT,3.0,True,Williams,0 days 00:25:50.400000,2024-08-31 14:14:48.169,1,,False,,False,False
0 days 00:45:10.617000,ALB,23,,7.0,3.0,0 days 00:43:26.855000,,,0 days 00:00:36.197000,0 days 00:00:30.412000,,0 days 00:44:40.292000,0 days 00:45:10.732000,242.0,315.0,315.0,158.0,False,SOFT,4.0,False,Williams,0 days 00:27:39.629000,2024-08-31 14:16:37.398,12,,False,,False,False
0 days 00:46:31.077000,ALB,23,,8.0,3.0,,,0 days 00:00:26.485000,0 days 00:00:27.128000,0 days 00:00:26.847000,0 days 00:45:37.102000,0 days 00:46:04.230000,0 days 00:46:31.077000,323.0,338.0,315.0,345.0,True,SOFT,5.0,False,Williams,0 days 00:45:10.617000,2024-08-31 14:34:08.386,1,,False,,False,True
0 days 00:48:17.037000,ALB,23,,9.0,3.0,,0 days 00:48:12.035000,0 days 00:00:36.107000,0 days 00:00:32.928000,0 days 00:00:36.925000,0 days 00:47:07.184000,0 days 00:47:40.112000,0 days 00:48:17.037000,233.0,305.0,,257.0,False,SOFT,6.0,False,Williams,0 days 00:46:31.077000,2024-08-31 14:35:28.846,1,,False,,False,False
0 days 00:53:29.629000,ALB,23,,10.0,4.0,0 days 00:51:45.317000,,,0 days 00:00:38.851000,0 days 00:00:29.586000,,0 days 00:53:00.120000,0 days 00:53:30.239000,263.0,309.0,315.0,238.0,False,SOFT,1.0,True,Williams,0 days 00:48:17.037000,2024-08-31 14:37:14.806,1,,False,,False,False
0 days 00:54:49.943000,ALB,23,,11.0,4.0,,,0 days 00:00:26.436000,0 days 00:00:27.071000,0 days 00:00:26.807000,0 days 00:53:56.065000,0 days 00:54:23.136000,0 days 00:54:49.943000,322.0,338.0,314.0,348.0,True,SOFT,2.0,True,Williams,0 days 00:53:29.629000,2024-08-31 14:42:27.398,1,,False,,False,True
0 days 00:56:40.468000,ALB,23,,12.0,4.0,,0 days 00:56:36.648000,0 days 00:00:35.096000,0 days 00:00:35.543000,0 days 00:00:39.886000,0 days 00:55:25.039000,0 days 00:56:00.582000,0 days 00:56:40.468000,260.0,274.0,,242.0,False,SOFT,3.0,True,Williams,0 days 00:54:49.943000,2024-08-31 14:43:47.712,1,,False,,False,False
0 days 01:05:02.135000,ALB,23,,13.0,5.0,0 days 01:03:19.577000,,,0 days 00:00:37.358000,0 days 00:00:31.172000,,0 days 01:04:31.061000,0 days 01:05:02.271000,240.0,311.0,313.0,264.0,False,SOFT,4.0,False,Williams,0 days 00:56:40.468000,2024-08-31 14:45:38.237,1,,False,,False,False
0 days 01:06:23.005000,ALB,23,,14.0,5.0,,,0 days 00:00:26.553000,0 days 00:00:27.261000,0 days 00:00:27.056000,0 days 01:05:28.688000,0 days 01:05:55.949000,0 days 01:06:23.005000,322.0,338.0,314.0,344.0,True,SOFT,5.0,False,Williams,0 days 01:05:02.135000,2024-08-31 14:53:59.904,1,,False,,False,True
0 days 01:08:04.485000,ALB,23,,15.0,5.0,,0 days 01:08:00.710000,0 days 00:00:35.209000,0 days 00:00:30.748000,0 days 00:00:35.523000,0 days 01:06:58.214000,0 days 01:07:28.962000,0 days 01:08:04.485000,293.0,300.0,,198.0,False,SOFT,6.0,False,Williams,0 days 01:06:23.005000,2024-08-31 14:55:20.774,1,,False,,False,False
0 days 01:13:37.206000,ALB,23,,16.0,6.0,0 days 01:11:37.996000,,,0 days 00:00:35.727000,0 days 00:00:30.463000,,0 days 01:13:06.743000,0 days 01:13:37.441000,274.0,315.0,314.0,203.0,False,SOFT,1.0,True,Williams,0 days 01:08:04.485000,2024-08-31 14:57:02.254,1,,False,,False,False
0 days 01:14:57.505000,ALB,23,,17.0,6.0,,,0 days 00:00:26.395000,0 days 00:00:27.120000,0 days 00:00:26.784000,0 days 01:14:03.601000,0 days 01:14:30.721000,0 days 01:14:57.505000,324.0,339.0,314.0,347.0,True,SOFT,2.0,True,Williams,0 days 01:13:37.206000,2024-08-31 15:02:34.975,1,,False,,False,True
0 days 01:16:43.378000,ALB,23,,18.0,6.0,,0 days 01:16:43.378000,0 days 00:00:36.842000,0 days 00:00:34.508000,,0 days 01:15:34.373000,0 days 01:16:08.953000,,198.0,280.0,,245.0,False,SOFT,3.0,True,Williams,0 days 01:14:57.505000,2024-08-31 15:03:55.274,1,,False,,False,False
0 days 00:13:39.639000,HUL,27,,1.0,1.0,0 days 00:11:56.096000,,,0 days 00:00:36.690000,0 days 00:00:30.625000,,0 days 00:13:09.056000,0 days 00:13:39.736000,263.0,265.0,315.0,166.0,False,SOFT,1.0,True,Haas F1 Team,0 days 00:11:56.096000,2024-08-31 14:00:53.865,1,,False,,False,False
0 days 00:15:00.420000,HUL,27,,2.0,1.0,,,0 days 00:00:26.513000,0 days 00:00:27.363000,0 days 00:00:26.905000,0 days 00:14:06.152000,0 days 00:14:33.515000,0 days 00:15:00.420000,328.0,341.0,311.0,351.0,True,SOFT,2.0,True,Haas F1 Team,0 days 00:13:39.639000,2024-08-31 14:02:37.408,1,,False,,False,True
0 days 00:16:46.047000,HUL,27,,3.0,1.0,,0 days 00:16:41.950000,0 days 00:00:28.970000,0 days 00:00:33.845000,0 days 00:00:42.812000,0 days 00:15:29.390000,0 days 00:16:03.235000,0 days 00:16:46.047000,303.0,246.0,,303.0,False,SOFT,3.0,True,Haas F1 Team,0 days 00:15:00.420000,2024-08-31 14:03:58.189,1,,False,,False,False
0 days 00:27:02.751000,HUL,27,,4.0,2.0,0 days 00:25:12.086000,,,0 days 00:00:36.348000,0 days 00:00:30.481000,,0 days 00:26:32.372000,0 days 00:27:03.071000,247.0,293.0,316.0,109.0,False,SOFT,1.0,True,Haas F1 Team,0 days 00:16:46.047000,2024-08-31 14:05:43.816,1,,False,,False,False
0 days 00:28:24.029000,HUL,27,,5.0,2.0,,,0 days 00:00:26.428000,0 days 00:00:27.262000,0 days 00:00:27.588000,0 days 00:27:29.179000,0 days 00:27:56.441000,0 days 00:28:24.029000,331.0,342.0,308.0,350.0,False,SOFT,2.0,True,Haas F1 Team,0 days 00:27:02.751000,2024-08-31 14:16:00.520,12,,False,,False,True
0 days 00:30:15.411000,HUL,27,,6.0,2.0,,0 days 00:30:10.607000,0 days 00:00:38.334000,0 days 00:00:31.385000,0 days 00:00:41.663000,0 days 00:29:02.363000,0 days 00:29:33.748000,0 days 00:30:15.411000,297.0,279.0,,151.0,False,SOFT,3.0,True,Haas F1 Team,0 days 00:28:24.029000,2024-08-31 14:17:21.798,21,,False,,False,False
0 days 00:42:46.855000,HUL,27,,7.0,3.0,0 days 00:40:50.848000,,,0 days 00:00:38.083000,0 days 00:00:33.649000,,0 days 00:42:13.253000,0 days 00:42:46.855000,204.0,228.0,314.0,197.0,False,SOFT,4.0,False,Haas F1 Team,0 days 00:30:15.411000,2024-08-31 14:19:13.180,1,,False,,False,False
0 days 00:44:07.289000,HUL,27,,8.0,3.0,,,0 days 00:00:26.423000,0 days 00:00:27.175000,0 days 00:00:26.836000,0 days 00:43:13.278000,0 days 00:43:40.453000,0 days 00:44:07.289000,328.0,339.0,311.0,347.0,True,SOFT,5.0,False,Haas F1 Team,0 days 00:42:46.855000,2024-08-31 14:31:44.624,1,,False,,False,True
0 days 00:45:49.114000,HUL,27,,9.0,3.0,,0 days 00:45:43.649000,0 days 00:00:29.163000,0 days 00:00:31.906000,0 days 00:00:40.756000,0 days 00:44:36.452000,0 days 00:45:08.358000,0 days 00:45:49.114000,286.0,266.0,,303.0,False,SOFT,6.0,False,Haas F1 Team,0 days 00:44:07.289000,2024-08-31 14:33:05.058,1,,False,,False,False
0 days 00:52:11.930000,HUL,27,,10.0,4.0,0 days 00:50:23.007000,,,0 days 00:00:37.493000,0 days 00:00:33.925000,,0 days 00:51:38.027000,0 days 00:52:12.174000,210.0,263.0,316.0,201.0,False,SOFT,1.0,True,Haas F1 Team,0 days 00:45:49.114000,2024-08-31 14:34:46.883,1,,False,,False,False
0 days 00:53:32.341000,HUL,27,,11.0,4.0,,,0 days 00:00:26.341000,0 days 00:00:27.160000,0 days 00:00:26.910000,0 days 00:52:38.271000,0 days 00:53:05.431000,0 days 00:53:32.341000,328.0,341.0,316.0,349.0,True,SOFT,2.0,True,Haas F1 Team,0 days 00:52:11.930000,2024-08-31 14:41:09.699,1,,False,,False,True
0 days 00:55:22.999000,HUL,27,,12.0,4.0,,0 days 00:55:19.137000,0 days 00:00:34.946000,0 days 00:00:34.641000,0 days 00:00:41.071000,0 days 00:54:07.287000,0 days 00:54:41.928000,0 days 00:55:22.999000,259.0,202.0,,318.0,False,SOFT,3.0,True,Haas F1 Team,0 days 00:53:32.341000,2024-08-31 14:42:30.110,1,,False,,False,False
0 days 01:05:12.877000,HUL,27,,13.0,5.0,0 days 01:03:21.973000,,,0 days 00:00:37.805000,0 days 00:00:33.223000,,0 days 01:04:39.678000,0 days 01:05:12.898000,238.0,226.0,314.0,173.0,False,SOFT,4.0,False,Haas F1 Team,0 days 00:55:22.999000,2024-08-31 14:44:20.768,1,,False,,False,False
0 days 01:06:33.359000,HUL,27,,14.0,5.0,,,0 days 00:00:26.481000,0 days 00:00:27.238000,0 days 00:00:26.763000,0 days 01:05:39.358000,0 days 01:06:06.596000,0 days 01:06:33.359000,326.0,338.0,313.0,346.0,True,SOFT,5.0,False,Haas F1 Team,0 days 01:05:12.877000,2024-08-31 14:54:10.646,1,,False,,False,True
0 days 01:08:09.951000,HUL,27,,15.0,5.0,,0 days 01:08:06.062000,0 days 00:00:29.306000,0 days 00:00:30.843000,0 days 00:00:36.443000,0 days 01:07:02.665000,0 days 01:07:33.508000,0 days 01:08:09.951000,301.0,281.0,,297.0,False,SOFT,6.0,False,Haas F1 Team,0 days 01:06:33.359000,2024-08-31 14:55:31.128,1,,False,,False,False
0 days 01:13:27.363000,HUL,27,,16.0,6.0,0 days 01:11:33.384000,,,0 days 00:00:37.425000,0 days 00:00:32.793000,,0 days 01:12:54.570000,0 days 01:13:27.531000,285.0,293.0,316.0,205.0,False,SOFT,1.0,True,Haas F1 Team,0 days 01:08:09.951000,2024-08-31 14:57:07.720,1,,False,,False,False
0 days 01:14:47.702000,HUL,27,,17.0,6.0,,,0 days 00:00:26.479000,0 days 00:00:27.074000,0 days 00:00:26.786000,0 days 01:13:53.842000,0 days 01:14:20.916000,0 days 01:14:47.702000,328.0,339.0,317.0,347.0,True,SOFT,2.0,True,Haas F1 Team,0 days 01:13:27.363000,2024-08-31 15:02:25.132,1,,False,,False,True
0 days 01:16:35.749000,HUL,27,,18.0,6.0,,0 days 01:16:35.749000,0 days 00:00:30.857000,0 days 00:00:35.234000,,0 days 01:15:18.544000,0 days 01:15:53.869000,,244.0,250.0,,270.0,False,SOFT,3.0,True,Haas F1 Team,0 days 01:14:47.702000,2024-08-31 15:03:45.471,1,,False,,False,False
0 days 00:19:00.465000,ALO,14,,1.0,1.0,0 days 00:17:14.363000,,,0 days 00:00:35,0 days 00:00:32.358000,,0 days 00:18:28.199000,0 days 00:19:00.540000,199.0,249.0,315.0,144.0,False,SOFT,1.0,True,Aston Martin,0 days 00:17:14.363000,2024-08-31 14:06:12.132,1,,False,,False,False
0 days 00:20:21.082000,ALO,14,,2.0,1.0,,,0 days 00:00:26.537000,0 days 00:00:27.143000,0 days 00:00:26.937000,0 days 00:19:27.002000,0 days 00:19:54.145000,0 days 00:20:21.082000,325.0,338.0,309.0,349.0,True,SOFT,2.0,True,Aston Martin,0 days 00:19:00.465000,2024-08-31 14:07:58.234,1,,False,,False,True
0 days 00:22:11.045000,ALO,14,,3.0,1.0,,0 days 00:22:07.266000,0 days 00:00:33.394000,0 days 00:00:35.311000,0 days 00:00:41.258000,0 days 00:20:54.476000,0 days 00:21:29.787000,0 days 00:22:11.045000,235.0,235.0,,182.0,False,SOFT,3.0,True,Aston Martin,0 days 00:20:21.082000,2024-08-31 14:09:18.851,1,,False,,False,False
0 days 00:28:24.641000,ALO,14,,4.0,2.0,0 days 00:26:26.572000,,,0 days 00:00:37.408000,0 days 00:00:34.251000,,0 days 00:27:50.448000,0 days 00:28:24.819000,237.0,225.0,316.0,190.0,False,SOFT,1.0,True,Aston Martin,0 days 00:22:11.045000,2024-08-31 14:11:08.814,12,,False,,False,False
0 days 00:29:53.739000,ALO,14,,5.0,2.0,,0 days 00:29:49.921000,0 days 00:00:26.465000,0 days 00:00:27.201000,0 days 00:00:35.432000,0 days 00:28:51.106000,0 days 00:29:18.307000,0 days 00:29:53.739000,322.0,338.0,,349.0,False,SOFT,2.0,True,Aston Martin,0 days 00:28:24.641000,2024-08-31 14:17:22.410,21,,False,,False,False
0 days 00:45:44.996000,ALO,14,,6.0,3.0,0 days 00:43:59.192000,,,0 days 00:00:35.419000,0 days 00:00:32.316000,,0 days 00:45:12.762000,0 days 00:45:44.996000,242.0,314.0,315.0,91.0,False,SOFT,3.0,False,Aston Martin,0 days 00:29:53.739000,2024-08-31 14:18:51.508,1,,False,,False,False
0 days 00:47:05.566000,ALO,14,,7.0,3.0,,,0 days 00:00:26.424000,0 days 00:00:27.261000,0 days 00:00:26.885000,0 days 00:46:11.420000,0 days 00:46:38.681000,0 days 00:47:05.566000,325.0,340.0,312.0,350.0,True,SOFT,4.0,False,Aston Martin,0 days 00:45:44.996000,2024-08-31 14:34:42.765,1,,False,,False,True
0 days 00:48:49.535000,ALO,14,,8.0,3.0,,0 days 00:48:45.750000,0 days 00:00:33.218000,0 days 00:00:33.974000,0 days 00:00:36.777000,0 days 00:47:38.784000,0 days 00:48:12.758000,0 days 00:48:49.535000,243.0,246.0,,250.0,False,SOFT,5.0,False,Aston Martin,0 days 00:47:05.566000,2024-08-31 14:36:03.335,1,,False,,False,False
0 days 00:53:39.513000,ALO,14,,9.0,4.0,0 days 00:51:49.916000,,,0 days 00:00:37.281000,0 days 00:00:37.080000,,0 days 00:53:02.509000,0 days 00:53:39.738000,254.0,166.0,317.0,199.0,False,SOFT,1.0,True,Aston Martin,0 days 00:48:49.535000,2024-08-31 14:37:47.304,1,,False,,False,False
0 days 00:54:59.934000,ALO,14,,10.0,4.0,,,0 days 00:00:26.463000,0 days 00:00:27.131000,0 days 00:00:26.827000,0 days 00:54:05.976000,0 days 00:54:33.107000,0 days 00:54:59.934000,322.0,337.0,310.0,353.0,True,SOFT,2.0,True,Aston Martin,0 days 00:53:39.513000,2024-08-31 14:42:37.282,1,,False,,False,True
0 days 00:56:58.047000,ALO,14,,11.0,4.0,,0 days 00:56:51.328000,0 days 00:00:34.134000,0 days 00:00:37.293000,0 days 00:00:46.686000,0 days 00:55:34.068000,0 days 00:56:11.361000,0 days 00:56:58.047000,204.0,237.0,,186.0,False,SOFT,3.0,True,Aston Martin,0 days 00:54:59.934000,2024-08-31 14:43:57.703,1,,False,,False,False
0 days 00:16:33.378000,RIC,3,,1.0,1.0,0 days 00:14:32.937000,,,0 days 00:00:37.840000,0 days 00:00:34.143000,,0 days 00:15:59.331000,0 days 00:16:33.535000,285.0,271.0,314.0,155.0,False,SOFT,1.0,True,RB,0 days 00:14:32.937000,2024-08-31 14:03:30.706,1,,False,,False,False
0 days 00:17:54.437000,RIC,3,,2.0,1.0,,,0 days 00:00:26.646000,0 days 00:00:27.292000,0 days 00:00:27.121000,0 days 00:17:00.024000,0 days 00:17:27.316000,0 days 00:17:54.437000,325.0,338.0,314.0,348.0,True,SOFT,2.0,True,RB,0 days 00:16:33.378000,2024-08-31 14:05:31.147,1,,False,,False,True
0 days 00:19:48.562000,RIC,3,,3.0,1.0,,0 days 00:19:44.868000,0 days 00:00:33.418000,0 days 00:00:37.413000,0 days 00:00:43.294000,0 days 00:18:27.855000,0 days 00:19:05.268000,0 days 00:19:48.562000,263.0,162.0,,260.0,False,SOFT,3.0,True,RB,0 days 00:17:54.437000,2024-08-31 14:06:52.206,1,,False,,False,False
0 days 00:27:41.006000,RIC,3,,4.0,2.0,0 days 00:25:47.518000,,,0 days 00:00:36.123000,0 days 00:00:32.919000,,0 days 00:27:08.297000,0 days 00:27:41.271000,268.0,281.0,316.0,151.0,False,SOFT,1.0,True,RB,0 days 00:19:48.562000,2024-08-31 14:08:46.331,1,,False,,False,False
0 days 00:29:01.907000,RIC,3,,5.0,2.0,,,0 days 00:00:26.520000,0 days 00:00:27.427000,0 days 00:00:26.954000,0 days 00:28:07.526000,0 days 00:28:34.953000,0 days 00:29:01.907000,326.0,341.0,315.0,351.0,True,SOFT,2.0,True,RB,0 days 00:27:41.006000,2024-08-31 14:16:38.775,12,,False,,False,True
0 days 00:30:54.375000,RIC,3,,6.0,2.0,,0 days 00:30:50.665000,0 days 00:00:36.512000,0 days 00:00:34.624000,0 days 00:00:41.332000,0 days 00:29:38.419000,0 days 00:30:13.043000,0 days 00:30:54.375000,263.0,299.0,,172.0,False,SOFT,3.0,True,RB,0 days 00:29:01.907000,2024-08-31 14:17:59.676,1,,False,,False,False
0 days 00:42:33.144000,RIC,3,,7.0,3.0,0 days 00:40:35.155000,,,0 days 00:00:35.036000,0 days 00:00:33.385000,,0 days 00:41:59.917000,0 days 00:42:33.292000,271.0,317.0,312.0,136.0,False,SOFT,4.0,False,RB,0 days 00:30:54.375000,2024-08-31 14:19:52.144,1,,False,,False,False
0 days 00:43:54.417000,RIC,3,,8.0,3.0,,,0 days 00:00:26.615000,0 days 00:00:27.457000,0 days 00:00:27.201000,0 days 00:42:59.759000,0 days 00:43:27.216000,0 days 00:43:54.417000,326.0,341.0,314.0,349.0,True,SOFT,5.0,False,RB,0 days 00:42:33.144000,2024-08-31 14:31:30.913,1,,False,,False,True
0 days 00:45:39.753000,RIC,3,,9.0,3.0,,0 days 00:45:36.046000,0 days 00:00:36.507000,0 days 00:00:31.300000,0 days 00:00:37.529000,0 days 00:44:30.924000,0 days 00:45:02.224000,0 days 00:45:39.753000,287.0,302.0,,171.0,False,SOFT,6.0,False,RB,0 days 00:43:54.417000,2024-08-31 14:32:52.186,1,,False,,False,False
0 days 00:52:46.526000,RIC,3,,10.0,4.0,0 days 00:50:57.217000,,,0 days 00:00:36.291000,0 days 00:00:33.269000,,0 days 00:52:13.387000,0 days 00:52:46.813000,263.0,294.0,318.0,152.0,False,SOFT,1.0,True,RB,0 days 00:45:39.753000,2024-08-31 14:34:37.522,1,,False,,False,False
0 days 00:54:07.005000,RIC,3,,11.0,4.0,,,0 days 00:00:26.363000,0 days 00:00:27.141000,0 days 00:00:26.975000,0 days 00:53:12.889000,0 days 00:53:40.030000,0 days 00:54:07.005000,327.0,342.0,313.0,353.0,True,SOFT,2.0,True,RB,0 days 00:52:46.526000,2024-08-31 14:41:44.295,1,,False,,False,True
0 days 00:55:54.764000,RIC,3,,12.0,4.0,,0 days 00:55:51.032000,0 days 00:00:33.515000,0 days 00:00:34.147000,0 days 00:00:40.097000,0 days 00:54:40.520000,0 days 00:55:14.667000,0 days 00:55:54.764000,271.0,267.0,,236.0,False,SOFT,3.0,True,RB,0 days 00:54:07.005000,2024-08-31 14:43:04.774,1,,False,,False,False
0 days 00:13:33.760000,MAG,20,,1.0,1.0,0 days 00:11:50.367000,,,0 days 00:00:35.836000,0 days 00:00:30.358000,,0 days 00:13:03.456000,0 days 00:13:33.760000,253.0,307.0,314.0,120.0,False,SOFT,1.0,True,Haas F1 Team,0 days 00:11:50.367000,2024-08-31 14:00:48.136,1,,False,,False,False
0 days 00:14:54.616000,MAG,20,,2.0,1.0,,,0 days 00:00:26.784000,0 days 00:00:27.203000,0 days 00:00:26.869000,0 days 00:14:00.544000,0 days 00:14:27.747000,0 days 00:14:54.616000,326.0,341.0,315.0,350.0,True,SOFT,2.0,True,Haas F1 Team,0 days 00:13:33.760000,2024-08-31 14:02:31.529,1,,False,,False,True
0 days 00:16:41.390000,MAG,20,,3.0,1.0,,0 days 00:16:37.229000,0 days 00:00:31.681000,0 days 00:00:36.361000,0 days 00:00:38.732000,0 days 00:15:26.297000,0 days 00:16:02.658000,0 days 00:16:41.390000,289.0,228.0,,245.0,False,SOFT,3.0,True,Haas F1 Team,0 days 00:14:54.616000,2024-08-31 14:03:52.385,1,,False,,False,False
0 days 00:26:57.931000,MAG,20,,4.0,2.0,0 days 00:25:08.718000,,,0 days 00:00:35.663000,0 days 00:00:30.196000,,0 days 00:26:27.735000,0 days 00:26:58.121000,267.0,313.0,316.0,147.0,False,SOFT,1.0,True,Haas F1 Team,0 days 00:16:41.390000,2024-08-31 14:05:39.159,1,,False,,False,False
0 days 00:28:45.814000,MAG,20,,5.0,2.0,,0 days 00:28:41.989000,0 days 00:00:26.654000,0 days 00:00:27.459000,0 days 00:00:53.770000,0 days 00:27:24.585000,0 days 00:27:52.044000,0 days 00:28:45.814000,328.0,342.0,,351.0,False,SOFT,2.0,True,Haas F1 Team,0 days 00:26:57.931000,2024-08-31 14:15:55.700,12,,False,,False,False
0 days 00:42:37.317000,MAG,20,,6.0,3.0,0 days 00:40:41.765000,,,0 days 00:00:35.441000,0 days 00:00:30.479000,,0 days 00:42:07.003000,0 days 00:42:37.427000,259.0,306.0,314.0,129.0,False,SOFT,4.0,False,Haas F1 Team,0 days 00:28:45.814000,2024-08-31 14:17:43.583,1,,False,,False,False
0 days 00:43:58.015000,MAG,20,,7.0,3.0,,,0 days 00:00:26.466000,0 days 00:00:27.107000,0 days 00:00:27.125000,0 days 00:43:03.783000,0 days 00:43:30.890000,0 days 00:43:58.015000,328.0,341.0,313.0,350.0,True,SOFT,5.0,False,Haas F1 Team,0 days 00:42:37.317000,2024-08-31 14:31:35.086,1,,False,,False,True
0 days 00:45:48.523000,MAG,20,,8.0,3.0,,0 days 00:45:44.766000,0 days 00:00:40.532000,0 days 00:00:33.764000,0 days 00:00:36.212000,0 days 00:44:38.547000,0 days 00:45:12.311000,0 days 00:45:48.523000,285.0,303.0,,111.0,False,SOFT,6.0,False,Haas F1 Team,0 days 00:43:58.015000,2024-08-31 14:32:55.784,1,,False,,False,False
0 days 00:52:04.536000,MAG,20,,9.0,4.0,0 days 00:50:17.063000,,,0 days 00:00:37.914000,0 days 00:00:33.017000,,0 days 00:51:31.599000,0 days 00:52:04.756000,198.0,300.0,316.0,233.0,False,SOFT,1.0,True,Haas F1 Team,0 days 00:45:48.523000,2024-08-31 14:34:46.292,1,,False,,False,False
0 days 00:53:25.469000,MAG,20,,10.0,4.0,,,0 days 00:00:26.508000,0 days 00:00:27.332000,0 days 00:00:27.093000,0 days 00:52:31.044000,0 days 00:52:58.376000,0 days 00:53:25.469000,325.0,336.0,313.0,349.0,False,SOFT,2.0,True,Haas F1 Team,0 days 00:52:04.536000,2024-08-31 14:41:02.305,1,,False,,False,True
0 days 00:55:25.200000,MAG,20,,11.0,4.0,,0 days 00:55:21.317000,0 days 00:00:40.201000,0 days 00:00:43.068000,0 days 00:00:36.462000,0 days 00:54:05.670000,0 days 00:54:48.738000,0 days 00:55:25.200000,136.0,297.0,,192.0,False,SOFT,3.0,True,Haas F1 Team,0 days 00:53:25.469000,2024-08-31 14:42:23.238,1,,False,,False,False
0 days 00:13:28.581000,GAS,10,,1.0,1.0,0 days 00:11:47.409000,,,0 days 00:00:33.379000,0 days 00:00:33.669000,,0 days 00:12:55.032000,0 days 00:13:28.703000,285.0,313.0,315.0,227.0,False,SOFT,1.0,True,Alpine,0 days 00:11:47.409000,2024-08-31 14:00:45.178,1,,False,,False,False
0 days 00:14:50.489000,GAS,10,,2.0,1.0,,,0 days 00:00:26.990000,0 days 00:00:27.843000,0 days 00:00:27.075000,0 days 00:13:55.571000,0 days 00:14:23.414000,0 days 00:14:50.489000,327.0,339.0,315.0,348.0,True,SOFT,2.0,True,Alpine,0 days 00:13:28.581000,2024-08-31 14:02:26.350,1,,False,,False,True
0 days 00:16:44.782000,GAS,10,,3.0,1.0,,0 days 00:16:40.563000,0 days 00:00:34.485000,0 days 00:00:36.999000,0 days 00:00:42.809000,0 days 00:15:24.974000,0 days 00:16:01.973000,0 days 00:16:44.782000,251.0,223.0,,208.0,False,SOFT,3.0,True,Alpine,0 days 00:14:50.489000,2024-08-31 14:03:48.258,1,,False,,False,False
0 days 00:20:58.264000,GAS,10,,4.0,2.0,0 days 00:18:54.705000,,,0 days 00:00:34.853000,0 days 00:00:30.939000,,0 days 00:20:27.331000,0 days 00:20:58.413000,215.0,316.0,316.0,58.0,False,SOFT,4.0,False,Alpine,0 days 00:16:44.782000,2024-08-31 14:05:42.551,1,,False,,False,False
0 days 00:22:19.012000,GAS,10,,5.0,2.0,,,0 days 00:00:26.473000,0 days 00:00:27.364000,0 days 00:00:26.911000,0 days 00:21:24.737000,0 days 00:21:52.101000,0 days 00:22:19.012000,328.0,340.0,317.0,348.0,True,SOFT,5.0,False,Alpine,0 days 00:20:58.264000,2024-08-31 14:09:56.033,1,,False,,False,True
0 days 00:24:07.625000,GAS,10,,6.0,2.0,,0 days 00:24:03.569000,0 days 00:00:31.138000,0 days 00:00:34.540000,0 days 00:00:42.935000,0 days 00:22:50.150000,0 days 00:23:24.690000,0 days 00:24:07.625000,293.0,293.0,,295.0,False,SOFT,6.0,False,Alpine,0 days 00:22:19.012000,2024-08-31 14:11:16.781,1,,False,,False,False
0 days 00:28:27.834000,GAS,10,,7.0,3.0,0 days 00:26:38.421000,,,0 days 00:00:36.618000,0 days 00:00:31.059000,,0 days 00:27:56.775000,0 days 00:28:28.037000,255.0,172.0,317.0,191.0,False,SOFT,1.0,True,Alpine,0 days 00:24:07.625000,2024-08-31 14:13:05.394,12,,False,,False,False
0 days 00:30:09.298000,GAS,10,,8.0,3.0,,0 days 00:30:05.317000,0 days 00:00:26.530000,0 days 00:00:28.994000,0 days 00:00:45.940000,0 days 00:28:54.364000,0 days 00:29:23.358000,0 days 00:30:09.298000,326.0,226.0,,351.0,False,SOFT,2.0,True,Alpine,0 days 00:28:27.834000,2024-08-31 14:17:25.603,21,,False,,False,False
0 days 00:42:16.084000,GAS,10,,9.0,4.0,0 days 00:40:20.639000,,,0 days 00:00:35.071000,0 days 00:00:34.177000,,0 days 00:41:41.971000,0 days 00:42:16.142000,283.0,304.0,257.0,84.0,False,SOFT,3.0,False,Alpine,0 days 00:30:09.298000,2024-08-31 14:19:07.067,1,,False,,False,False
0 days 00:43:55.045000,GAS,10,,10.0,4.0,,,0 days 00:00:32.921000,0 days 00:00:32.964000,0 days 00:00:33.076000,0 days 00:42:49.005000,0 days 00:43:21.969000,0 days 00:43:55.045000,292.0,316.0,318.0,255.0,True,SOFT,4.0,False,Alpine,0 days 00:42:16.084000,2024-08-31 14:31:13.853,1,,False,,False,True
0 days 00:45:15.783000,GAS,10,,11.0,4.0,,,0 days 00:00:26.563000,0 days 00:00:27.263000,0 days 00:00:26.912000,0 days 00:44:21.608000,0 days 00:44:48.871000,0 days 00:45:15.783000,325.0,337.0,316.0,346.0,True,SOFT,5.0,False,Alpine,0 days 00:43:55.045000,2024-08-31 14:32:52.814,1,,False,,False,True
0 days 00:47:02.694000,GAS,10,,12.0,4.0,,0 days 00:46:57.593000,0 days 00:00:32.262000,0 days 00:00:34.886000,0 days 00:00:39.763000,0 days 00:45:48.045000,0 days 00:46:22.931000,0 days 00:47:02.694000,263.0,292.0,,280.0,False,SOFT,6.0,False,Alpine,0 days 00:45:15.783000,2024-08-31 14:34:13.552,1,,False,,False,False
0 days 00:52:03.702000,GAS,10,,13.0,5.0,0 days 00:50:14.130000,,,0 days 00:00:35.195000,0 days 00:00:37.041000,,0 days 00:51:26.757000,0 days 00:52:03.977000,215.0,314.0,222.0,187.0,False,SOFT,1.0,True,Alpine,0 days 00:47:02.694000,2024-08-31 14:36:00.463,1,,False,,False,False
0 days 00:53:52.130000,GAS,10,,14.0,5.0,,,0 days 00:00:41.304000,0 days 00:00:35.418000,0 days 00:00:31.706000,0 days 00:52:45.006000,0 days 00:53:20.424000,0 days 00:53:52.130000,195.0,323.0,319.0,127.0,False,SOFT,2.0,True,Alpine,0 days 00:52:03.702000,2024-08-31 14:41:01.471,1,,False,,False,True
0 days 00:55:13.139000,GAS,10,,15.0,5.0,,,0 days 00:00:26.645000,0 days 00:00:27.372000,0 days 00:00:26.992000,0 days 00:54:18.775000,0 days 00:54:46.147000,0 days 00:55:13.139000,327.0,342.0,314.0,352.0,False,SOFT,3.0,True,Alpine,0 days 00:53:52.130000,2024-08-31 14:42:49.899,1,,False,,False,True
0 days 00:57:07.631000,GAS,10,,16.0,5.0,,0 days 00:57:03.828000,0 days 00:00:35.594000,0 days 00:00:34.763000,0 days 00:00:44.135000,0 days 00:55:48.733000,0 days 00:56:23.496000,0 days 00:57:07.631000,227.0,275.0,,202.0,False,SOFT,4.0,True,Alpine,0 days 00:55:13.139000,2024-08-31 14:44:10.908,1,,False,,False,False
0 days 00:13:25.515000,OCO,31,,1.0,1.0,0 days 00:11:43.198000,,,0 days 00:00:33.336000,0 days 00:00:35.205000,,0 days 00:12:50.316000,0 days 00:13:25.643000,275.0,314.0,314.0,230.0,False,SOFT,1.0,True,Alpine,0 days 00:11:43.198000,2024-08-31 14:00:40.967,1,,False,,False,False
0 days 00:14:46.861000,OCO,31,,2.0,1.0,,,0 days 00:00:26.660000,0 days 00:00:27.595000,0 days 00:00:27.091000,0 days 00:13:52.175000,0 days 00:14:19.770000,0 days 00:14:46.861000,326.0,338.0,312.0,346.0,True,SOFT,2.0,True,Alpine,0 days 00:13:25.515000,2024-08-31 14:02:23.284,1,,False,,False,True
0 days 00:16:39.922000,OCO,31,,3.0,1.0,,0 days 00:16:35.936000,0 days 00:00:34.086000,0 days 00:00:35.711000,0 days 00:00:43.264000,0 days 00:15:20.947000,0 days 00:15:56.658000,0 days 00:16:39.922000,260.0,227.0,,207.0,False,SOFT,3.0,True,Alpine,0 days 00:14:46.861000,2024-08-31 14:03:44.630,1,,False,,False,False
0 days 00:21:01.977000,OCO,31,,4.0,2.0,0 days 00:19:09.767000,,,0 days 00:00:34.229000,0 days 00:00:32.328000,,0 days 00:20:29.729000,0 days 00:21:02.252000,268.0,293.0,316.0,88.0,False,SOFT,4.0,False,Alpine,0 days 00:16:39.922000,2024-08-31 14:05:37.691,1,,False,,False,False
0 days 00:22:22.741000,OCO,31,,5.0,2.0,,,0 days 00:00:26.504000,0 days 00:00:27.264000,0 days 00:00:26.996000,0 days 00:21:28.481000,0 days 00:21:55.745000,0 days 00:22:22.741000,328.0,341.0,316.0,348.0,True,SOFT,5.0,False,Alpine,0 days 00:21:01.977000,2024-08-31 14:09:59.746,1,,False,,False,True
0 days 00:24:09.158000,OCO,31,,6.0,2.0,,0 days 00:24:05.266000,0 days 00:00:30.372000,0 days 00:00:32.798000,0 days 00:00:43.247000,0 days 00:22:53.113000,0 days 00:23:25.911000,0 days 00:24:09.158000,299.0,299.0,,256.0,False,SOFT,6.0,False,Alpine,0 days 00:22:22.741000,2024-08-31 14:11:20.510,1,,False,,False,False
0 days 00:28:32.299000,OCO,31,,7.0,3.0,0 days 00:26:42.215000,,,0 days 00:00:33.695000,0 days 00:00:32.433000,,0 days 00:27:59.996000,0 days 00:28:32.495000,308.0,216.0,308.0,164.0,False,SOFT,1.0,True,Alpine,0 days 00:24:09.158000,2024-08-31 14:13:06.927,12,,False,,False,False
0 days 00:30:11.335000,OCO,31,,8.0,3.0,,0 days 00:30:07.644000,0 days 00:00:27.312000,0 days 00:00:30.255000,0 days 00:00:41.469000,0 days 00:28:59.611000,0 days 00:29:29.866000,0 days 00:30:11.335000,327.0,287.0,,349.0,False,SOFT,2.0,True,Alpine,0 days 00:28:32.299000,2024-08-31 14:17:30.068,1,,False,,False,False
0 days 00:42:22.188000,OCO,31,,9.0,4.0,0 days 00:40:22.880000,,,0 days 00:00:35.483000,0 days 00:00:34.950000,,0 days 00:41:47.315000,0 days 00:42:22.204000,279.0,230.0,256.0,107.0,False,SOFT,3.0,False,Alpine,0 days 00:30:11.335000,2024-08-31 14:19:09.104,1,,False,,False,False
0 days 00:43:59.071000,OCO,31,,10.0,4.0,,,0 days 00:00:32.520000,0 days 00:00:33.346000,0 days 00:00:31.017000,0 days 00:42:54.708000,0 days 00:43:28.054000,0 days 00:43:59.071000,293.0,309.0,318.0,239.0,True,SOFT,4.0,False,Alpine,0 days 00:42:22.188000,2024-08-31 14:31:19.957,1,,False,,False,True
0 days 00:45:19.955000,OCO,31,,11.0,4.0,,,0 days 00:00:26.610000,0 days 00:00:27.315000,0 days 00:00:26.959000,0 days 00:44:25.681000,0 days 00:44:52.996000,0 days 00:45:19.955000,326.0,339.0,317.0,348.0,True,SOFT,5.0,False,Alpine,0 days 00:43:59.071000,2024-08-31 14:32:56.840,1,,False,,False,True
0 days 00:47:03.502000,OCO,31,,12.0,4.0,,0 days 00:46:59.769000,0 days 00:00:30.537000,0 days 00:00:34.043000,0 days 00:00:38.967000,0 days 00:45:50.492000,0 days 00:46:24.535000,0 days 00:47:03.502000,298.0,301.0,,283.0,False,SOFT,6.0,False,Alpine,0 days 00:45:19.955000,2024-08-31 14:34:17.724,1,,False,,False,False
0 days 00:52:01.810000,OCO,31,,13.0,5.0,0 days 00:50:10.466000,,,0 days 00:00:36.013000,0 days 00:00:37.270000,,0 days 00:51:24.540000,0 days 00:52:01.990000,213.0,291.0,247.0,191.0,False,SOFT,1.0,True,Alpine,0 days 00:47:03.502000,2024-08-31 14:36:01.271,1,,False,,False,False
0 days 00:53:49.629000,OCO,31,,14.0,5.0,,,0 days 00:00:42.314000,0 days 00:00:34.811000,0 days 00:00:30.694000,0 days 00:52:44.124000,0 days 00:53:18.935000,0 days 00:53:49.629000,144.0,322.0,319.0,140.0,False,SOFT,2.0,True,Alpine,0 days 00:52:01.810000,2024-08-31 14:40:59.579,1,,False,,False,True
0 days 00:55:10.395000,OCO,31,,15.0,5.0,,,0 days 00:00:26.436000,0 days 00:00:27.418000,0 days 00:00:26.912000,0 days 00:54:16.065000,0 days 00:54:43.483000,0 days 00:55:10.395000,327.0,341.0,316.0,351.0,True,SOFT,3.0,True,Alpine,0 days 00:53:49.629000,2024-08-31 14:42:47.398,1,,False,,False,True
0 days 00:57:04.625000,OCO,31,,16.0,5.0,,0 days 00:57:00.779000,0 days 00:00:34.367000,0 days 00:00:35.662000,0 days 00:00:44.201000,0 days 00:55:44.762000,0 days 00:56:20.424000,0 days 00:57:04.625000,236.0,226.0,,199.0,False,SOFT,4.0,True,Alpine,0 days 00:55:10.395000,2024-08-31 14:44:08.164,1,,False,,False,False
0 days 00:16:41.248000,TSU,22,,1.0,1.0,0 days 00:14:40.189000,,,0 days 00:00:37.577000,0 days 00:00:30.775000,,0 days 00:16:10.476000,0 days 00:16:41.270000,286.0,306.0,317.0,161.0,False,SOFT,1.0,True,RB,0 days 00:14:40.189000,2024-08-31 14:03:37.958,1,,False,,False,False
0 days 00:18:02.316000,TSU,22,,2.0,1.0,,,0 days 00:00:26.540000,0 days 00:00:27.386000,0 days 00:00:27.142000,0 days 00:17:07.788000,0 days 00:17:35.174000,0 days 00:18:02.316000,325.0,339.0,309.0,348.0,True,SOFT,2.0,True,RB,0 days 00:16:41.248000,2024-08-31 14:05:39.017,1,,False,,False,True
0 days 00:19:53.073000,TSU,22,,3.0,1.0,,0 days 00:19:49.267000,0 days 00:00:32.827000,0 days 00:00:37.218000,0 days 00:00:40.712000,0 days 00:18:35.143000,0 days 00:19:12.361000,0 days 00:19:53.073000,258.0,278.0,,248.0,False,SOFT,3.0,True,RB,0 days 00:18:02.316000,2024-08-31 14:07:00.085,1,,False,,False,False
0 days 00:27:33.959000,TSU,22,,4.0,2.0,0 days 00:25:36.619000,,,0 days 00:00:36.226000,0 days 00:00:33.239000,,0 days 00:27:00.767000,0 days 00:27:34.213000,256.0,305.0,316.0,163.0,False,SOFT,1.0,True,RB,0 days 00:19:53.073000,2024-08-31 14:08:50.842,1,,False,,False,False
0 days 00:28:54.904000,TSU,22,,5.0,2.0,,,0 days 00:00:26.572000,0 days 00:00:27.406000,0 days 00:00:26.967000,0 days 00:28:00.531000,0 days 00:28:27.937000,0 days 00:28:54.904000,325.0,339.0,314.0,348.0,True,SOFT,2.0,True,RB,0 days 00:27:33.959000,2024-08-31 14:16:31.728,12,,False,,False,True
0 days 00:30:48.981000,TSU,22,,6.0,2.0,,0 days 00:30:43.892000,0 days 00:00:32.711000,0 days 00:00:38.360000,0 days 00:00:43.006000,0 days 00:29:27.615000,0 days 00:30:05.975000,0 days 00:30:48.981000,219.0,245.0,,241.0,False,SOFT,3.0,True,RB,0 days 00:28:54.904000,2024-08-31 14:17:52.673,1,,False,,False,False
0 days 00:18:56.231000,STR,18,,1.0,1.0,0 days 00:17:10.445000,,,0 days 00:00:37.929000,0 days 00:00:33.230000,,0 days 00:18:23.078000,0 days 00:18:56.231000,199.0,249.0,314.0,199.0,False,SOFT,1.0,True,Aston Martin,0 days 00:17:10.445000,2024-08-31 14:06:08.214,1,,False,,False,False
0 days 00:20:17.244000,STR,18,,2.0,1.0,,,0 days 00:00:26.648000,0 days 00:00:27.180000,0 days 00:00:27.185000,0 days 00:19:22.879000,0 days 00:19:50.059000,0 days 00:20:17.244000,322.0,336.0,307.0,345.0,True,SOFT,2.0,True,Aston Martin,0 days 00:18:56.231000,2024-08-31 14:07:54.000,1,,False,,False,True
0 days 00:22:08.421000,STR,18,,3.0,1.0,,0 days 00:22:04.642000,0 days 00:00:34.246000,0 days 00:00:37.007000,0 days 00:00:39.924000,0 days 00:20:51.490000,0 days 00:21:28.497000,0 days 00:22:08.421000,207.0,219.0,,217.0,False,SOFT,3.0,True,Aston Martin,0 days 00:20:17.244000,2024-08-31 14:09:15.013,1,,False,,False,False
0 days 00:27:19.632000,STR,18,,4.0,2.0,0 days 00:25:28.918000,,,0 days 00:00:32.831000,0 days 00:00:32.984000,,0 days 00:26:46.661000,0 days 00:27:19.845000,249.0,292.0,316.0,152.0,False,SOFT,1.0,True,Aston Martin,0 days 00:22:08.421000,2024-08-31 14:11:06.190,1,,False,,False,False
0 days 00:28:40.825000,STR,18,,5.0,2.0,,,0 days 00:00:26.575000,0 days 00:00:27.244000,0 days 00:00:27.374000,0 days 00:27:46.207000,0 days 00:28:13.451000,0 days 00:28:40.825000,322.0,338.0,312.0,351.0,False,SOFT,2.0,True,Aston Martin,0 days 00:27:19.632000,2024-08-31 14:16:17.401,12,,False,,False,True
0 days 00:30:31.763000,STR,18,,6.0,2.0,,0 days 00:30:27.967000,0 days 00:00:34.612000,0 days 00:00:35.115000,0 days 00:00:41.211000,0 days 00:29:15.437000,0 days 00:29:50.552000,0 days 00:30:31.763000,250.0,232.0,,184.0,False,SOFT,3.0,True,Aston Martin,0 days 00:28:40.825000,2024-08-31 14:17:38.594,1,,False,,False,False
0 days 00:17:02.797000,COL,43,,1.0,1.0,0 days 00:14:56.403000,,,0 days 00:00:35.909000,0 days 00:00:30.406000,,0 days 00:16:32.391000,0 days 00:17:02.872000,221.0,317.0,316.0,190.0,False,SOFT,1.0,True,Williams,0 days 00:14:56.403000,2024-08-31 14:03:54.172,1,,False,,False,False
0 days 00:18:23.858000,COL,43,,2.0,1.0,,,0 days 00:00:26.613000,0 days 00:00:27.420000,0 days 00:00:27.028000,0 days 00:17:29.410000,0 days 00:17:56.830000,0 days 00:18:23.858000,325.0,338.0,314.0,348.0,True,SOFT,2.0,True,Williams,0 days 00:17:02.797000,2024-08-31 14:06:00.566,1,,False,,False,True
0 days 00:20:06.570000,COL,43,,3.0,1.0,,0 days 00:20:02.826000,0 days 00:00:30.571000,0 days 00:00:35.384000,0 days 00:00:36.757000,0 days 00:18:54.429000,0 days 00:19:29.813000,0 days 00:20:06.570000,263.0,285.0,,306.0,False,SOFT,3.0,True,Williams,0 days 00:18:23.858000,2024-08-31 14:07:21.627,1,,False,,False,False
0 days 00:26:55.204000,COL,43,,4.0,2.0,0 days 00:25:05.803000,,,0 days 00:00:34.844000,0 days 00:00:30.358000,,0 days 00:26:24.951000,0 days 00:26:55.415000,219.0,315.0,315.0,124.0,False,SOFT,1.0,True,Williams,0 days 00:20:06.570000,2024-08-31 14:09:04.339,1,,False,,False,False
0 days 00:28:17.735000,COL,43,,5.0,2.0,,,0 days 00:00:26.614000,0 days 00:00:27.637000,0 days 00:00:28.280000,0 days 00:27:21.818000,0 days 00:27:49.455000,0 days 00:28:17.735000,327.0,339.0,311.0,347.0,False,SOFT,2.0,True,Williams,0 days 00:26:55.204000,2024-08-31 14:15:52.973,1,,True,TRACK LIMITS AT TURN 7 LAP 6 ,False,True
0 days 00:30:14.021000,COL,43,,6.0,2.0,,0 days 00:30:09.410000,0 days 00:00:47.707000,0 days 00:00:30.659000,0 days 00:00:37.920000,0 days 00:29:05.442000,0 days 00:29:36.101000,0 days 00:30:14.021000,254.0,314.0,,133.0,False,SOFT,3.0,True,Williams,0 days 00:28:17.735000,2024-08-31 14:17:15.504,12,,False,,False,False
0 days 00:19:04.113000,BOT,77,,1.0,1.0,0 days 00:17:18.549000,,,0 days 00:00:35.840000,0 days 00:00:34.058000,,0 days 00:18:30.146000,0 days 00:19:04.240000,179.0,308.0,316.0,204.0,False,SOFT,1.0,True,Kick Sauber,0 days 00:17:18.549000,2024-08-31 14:06:16.318,1,,False,,False,False
0 days 00:20:25.214000,BOT,77,,2.0,1.0,,,0 days 00:00:26.706000,0 days 00:00:27.446000,0 days 00:00:26.949000,0 days 00:19:30.819000,0 days 00:19:58.265000,0 days 00:20:25.214000,328.0,341.0,311.0,352.0,True,SOFT,2.0,True,Kick Sauber,0 days 00:19:04.113000,2024-08-31 14:08:01.882,1,,False,,False,True
0 days 00:22:13.459000,BOT,77,,3.0,1.0,,0 days 00:22:09.632000,0 days 00:00:31.064000,0 days 00:00:34,0 days 00:00:43.181000,0 days 00:20:56.278000,0 days 00:21:30.278000,0 days 00:22:13.459000,288.0,248.0,,225.0,False,SOFT,3.0,True,Kick Sauber,0 days 00:20:25.214000,2024-08-31 14:09:22.983,1,,False,,False,False
0 days 00:27:11.870000,BOT,77,,4.0,2.0,0 days 00:25:23.321000,,,0 days 00:00:34.945000,0 days 00:00:30.725000,,0 days 00:26:41.211000,0 days 00:27:12.082000,301.0,313.0,316.0,180.0,False,SOFT,1.0,True,Kick Sauber,0 days 00:22:13.459000,2024-08-31 14:11:11.228,1,,False,,False,False
0 days 00:28:35.337000,BOT,77,,5.0,2.0,,,0 days 00:00:26.572000,0 days 00:00:27.491000,0 days 00:00:29.404000,0 days 00:27:38.442000,0 days 00:28:05.933000,0 days 00:28:35.337000,328.0,342.0,274.0,352.0,False,SOFT,2.0,True,Kick Sauber,0 days 00:27:11.870000,2024-08-31 14:16:09.639,12,,False,,False,True
0 days 00:30:28.372000,BOT,77,,6.0,2.0,,0 days 00:30:24.535000,0 days 00:00:37.403000,0 days 00:00:36.118000,0 days 00:00:39.514000,0 days 00:29:12.740000,0 days 00:29:48.858000,0 days 00:30:28.372000,251.0,251.0,,173.0,False,SOFT,3.0,True,Kick Sauber,0 days 00:28:35.337000,2024-08-31 14:17:33.106,1,,False,,False,False
0 days 00:13:21.079000,ZHO,24,,1.0,1.0,0 days 00:11:34.445000,,,0 days 00:00:36.406000,0 days 00:00:34.895000,,0 days 00:12:46.386000,0 days 00:13:21.159000,233.0,285.0,311.0,180.0,False,SOFT,1.0,True,Kick Sauber,0 days 00:11:34.445000,2024-08-31 14:00:32.214,1,,False,,False,False
0 days 00:14:43.047000,ZHO,24,,2.0,1.0,,,0 days 00:00:26.931000,0 days 00:00:27.756000,0 days 00:00:27.281000,0 days 00:13:48.010000,0 days 00:14:15.766000,0 days 00:14:43.047000,324.0,337.0,308.0,346.0,True,SOFT,2.0,True,Kick Sauber,0 days 00:13:21.079000,2024-08-31 14:02:18.848,1,,False,,False,True
0 days 00:16:23.148000,ZHO,24,,3.0,1.0,,0 days 00:16:19.370000,0 days 00:00:31.669000,0 days 00:00:32.540000,0 days 00:00:35.892000,0 days 00:15:14.716000,0 days 00:15:47.256000,0 days 00:16:23.148000,300.0,304.0,,257.0,False,SOFT,3.0,True,Kick Sauber,0 days 00:14:43.047000,2024-08-31 14:03:40.816,1,,False,,False,False
0 days 00:20:05.913000,ZHO,24,,4.0,2.0,0 days 00:18:19.368000,,,0 days 00:00:37.586000,0 days 00:00:35.257000,,0 days 00:19:30.874000,0 days 00:20:06.262000,304.0,276.0,314.0,197.0,False,SOFT,1.0,True,Kick Sauber,0 days 00:16:23.148000,2024-08-31 14:05:20.917,1,,False,,False,False
0 days 00:21:27.427000,ZHO,24,,5.0,2.0,,,0 days 00:00:26.838000,0 days 00:00:27.624000,0 days 00:00:27.052000,0 days 00:20:32.751000,0 days 00:21:00.375000,0 days 00:21:27.427000,326.0,338.0,315.0,348.0,True,SOFT,2.0,True,Kick Sauber,0 days 00:20:05.913000,2024-08-31 14:09:03.682,1,,False,,False,True
0 days 00:23:02.806000,ZHO,24,,6.0,2.0,,0 days 00:22:59.038000,0 days 00:00:28.879000,0 days 00:00:30.454000,0 days 00:00:36.046000,0 days 00:21:56.306000,0 days 00:22:26.760000,0 days 00:23:02.806000,300.0,311.0,,296.0,False,SOFT,3.0,True,Kick Sauber,0 days 00:21:27.427000,2024-08-31 14:10:25.196,1,,False,,False,False
0 days 00:27:07.835000,ZHO,24,,7.0,3.0,0 days 00:25:18.215000,,,0 days 00:00:36.779000,0 days 00:00:32.472000,,0 days 00:26:35.403000,0 days 00:27:08.033000,305.0,314.0,316.0,199.0,False,SOFT,1.0,True,Kick Sauber,0 days 00:23:02.806000,2024-08-31 14:12:00.575,1,,False,,False,False
0 days 00:28:29.280000,ZHO,24,,8.0,3.0,,,0 days 00:00:26.500000,0 days 00:00:27.485000,0 days 00:00:27.460000,0 days 00:27:34.335000,0 days 00:28:01.820000,0 days 00:28:29.280000,327.0,344.0,316.0,352.0,True,SOFT,2.0,True,Kick Sauber,0 days 00:27:07.835000,2024-08-31 14:16:05.604,12,,False,,False,True
0 days 00:30:21.166000,ZHO,24,,9.0,3.0,,0 days 00:30:15.386000,0 days 00:00:35.256000,0 days 00:00:32.873000,0 days 00:00:43.757000,0 days 00:29:04.536000,0 days 00:29:37.409000,0 days 00:30:21.166000,289.0,293.0,,166.0,False,SOFT,3.0,True,Kick Sauber,0 days 00:28:29.280000,2024-08-31 14:17:27.049,21,,False,,False,False
